Name,Sale Price,Category,Author,ISBN10,Pages,Publisher,Language,Dimensions,Weight,Rating
Origin,20.35,Books > Literature & Fiction > Action & Adventure,"Brown, Dan",385514239,717,Doubleday; 1st Edition edition ,English,6.3 x 1.6 x 9.6 inches,1.7 pounds,4
We Were the Lucky Ones ,8.97,Books > Literature & Fiction > Genre Fiction,Georgia Hunter,399563091,416,Penguin Books; Reprint edition ,English,5.4 x 0.9 x 8.2 inches,11.4 ounces,4
Fahrenheit 451 Paperback ,9.99,Books > Politics & Social Sciences > Politics & Government,Ray Bradbury,1451673310,256,Simon & Schuster; Reissue edition ,English,5.5 x 0.9 x 8.4 inches,6.2 ounces,4
"Sing, Unburied, Sing ",21.24,Books > Literature & Fiction > Genre Fiction,Jesmyn Ward,1501126067,304,Scribner; First Edition/First Printing edition ,English,5.5 x 1.2 x 8.4 inches,1 pounds,4
Altered Carbon Takeshi Kovacs,12.98,Books > Science Fiction & Fantasy > Science Fiction,"Morgan, Richard K.",345457684,375,Del Rey; 1st edition ,English,6.1 x 0.9 x 9.2 inches,12.8 ounces,4
Artemis,16.63,"Books > Mystery, Thriller & Suspense > Thrillers & Suspense","Weir, Andy",553448129,305,Crown; F First Edition edition ,English,6.4 x 1.1 x 9.5 inches,1.2 pounds,3
Eleanor Oliphant Is Completely Fine ,18.16,Books > Literature & Fiction > Women's Fiction,Gail Honeyman,735220689,336,Pamela Dorman Books; F First Edition edition ,English,6.3 x 1.2 x 9.3 inches,1.2 pounds,4
Everything I Never Told You Paperback ,14.85,Books > Literature & Fiction > Genre Fiction,"Ng, Celeste",143127551,297,Penguin Books; Reprint edition ,English,5.1 x 0.6 x 7.8 inches,8 ounces,4
The Rooster Bar (Hardcover),15.28,"Books > Mystery, Thriller & Suspense > Thrillers & Suspense",John Grisham,385541171,368,Doubleday; 1st Edition edition ,English,6.4 x 1.2 x 9.5 inches,1.4 pounds,3
Lord of the Flies Mass Market Paperback ,8.89,Books > Literature & Fiction > Genre Fiction,William Golding,399501487,224,Penguin Books; Reissue edition ,English,4.2 x 0.6 x 7.6 inches,4 ounces,3
The Wife Between Us,21.28,Books > Literature & Fiction > Women's Fiction,Greer Hendricks Sarah Pekkanen,1250130921,352,St. Martin's Press ,English,6.4 x 1.3 x 9.6 inches,1.2 pounds,4
To Kill a Mockingbird Paperback ,8.99,Books > Literature & Fiction > Classics,"LEE, HARPER",60935464,384,Harper Perennial Modern Classics ,English,5.2 x 1 x 8.2 inches,9 ounces,3
The Handmaid's Tale Paperback ,9.59,Books > Literature & Fiction > Genre Fiction,"ATWOOD, MARGARET",038549081X,336,Anchor; 1st Anchor Books edition ,English,5.2 x 0.7 x 8 inches,4.8 ounces,4
Still Me,17.7,Books > Literature & Fiction > Genre Fiction,Jojo Moyes,399562451,400,Pamela Dorman Books ,English,6.4 x 1.3 x 9.3 inches,1.4 pounds,4
RED SPARROW (MTI),8.58,"Books > Mystery, Thriller & Suspense > Thrillers & Suspense",Jason Matthews,1501168916,576,Pocket Books; Media Tie-In edition ,English,4.1 x 1.3 x 7.5 inches,10.9 ounces,4
Oathbringer ,21.21,Books > Literature & Fiction > Action & Adventure,Brandon Sanderson,076532637X,1248,Tor Books ,English,6.4 x 2.3 x 9.6 inches,3 pounds,4
Brave New World Paperback ,12.99,Books > Science Fiction & Fantasy > Science Fiction,"HUXLEY, ALDOUS",60850523,288,Harper Perennial; Reprint edition ,English,5.3 x 0.6 x 8 inches,5.6 ounces,4
It ,16.35,"Books > Mystery, Thriller & Suspense > Thrillers & Suspense",Stephen King,1501175467,1184,Scribner; Media Tie-In edition ,English,5.5 x 2.4 x 8.4 inches,2.3 pounds,4
The Couple Next Door ,13.25,"Books > Mystery, Thriller & Suspense > Thrillers & Suspense",Shari Lapena,735221103,336,Penguin Books; Reprint edition ,English,5.2 x 0.6 x 8 inches,8 ounces,4
Night Moves,18.26,"Books > Mystery, Thriller & Suspense > Thrillers & Suspense","Kellerman, Jonathan",345541464,395,Ballantine Books ,English,6.4 x 1.2 x 9.6 inches,1.4 pounds,4
The Last Mrs. Parrish,17.67,Books > Literature & Fiction > Women's Fiction,"Constantine, Liv",62667572,393,Harper; First Edition edition ,English,6 x 1.2 x 9 inches,1.4 pounds,4
The Woman in Cabin 10 Paperback ,9.8,"Books > Mystery, Thriller & Suspense > Thrillers & Suspense",Ruth Ware,1501132954,384,Gallery/Scout Press; Reprint edition ,English,5.3 x 1 x 8.2 inches,8 ounces,3
Big Little Lies Paperback ,15.79,"Books > Mystery, Thriller & Suspense > Thrillers & Suspense",Liane Moriarty,425274861,512,Berkley; Reprint edition ,English,5.5 x 1.1 x 8.2 inches,1.6 pounds,4
Lincoln in the Bardo,10.7,Books > Literature & Fiction > Genre Fiction,"Saunders, George",812985400,368,Random House Trade Paperbacks; Reprint edition ,English,5.5 x 0.8 x 8.2 inches,11.4 ounces,3
All the Light We Cannot See,9.98,Books > Literature & Fiction > Genre Fiction,Anthony Doerr,1501173219,544,Scribner; Reprint edition ,English,5.2 x 1.1 x 8 inches,13.4 ounces,4
The Kremlin's Candidate,20.29,"Books > Mystery, Thriller & Suspense > Thrillers & Suspense",Jason Matthews,1501140086,448,Scribner ,English,6 x 1.2 x 9 inches,1.3 pounds,3
The Witcher Boxed Set,29.65,Books > Literature & Fiction > Action & Adventure,Andrzej Sapkowski,316438979,1216,Orbit; Translation edition ,English,5.5 x 3.2 x 8.4 inches,2.3 pounds,4
Armada,15.48,"Books > Mystery, Thriller & Suspense > Thrillers & Suspense","Cline, Ernest",804137277,384,Broadway Books; Reprint edition ,English,5.2 x 0.8 x 8 inches,13.6 ounces,3
The Long Way Home,13.73,"Books > Mystery, Thriller & Suspense > Mystery",Louise Penny,1250022053,400,Minotaur Books; Reprint edition ,English,5.5 x 1.1 x 8.2 inches,12 ounces,4
The Nature of the Beast,10.87,"Books > Mystery, Thriller & Suspense > Mystery",Louise Penny,125002210X,400,Minotaur Books; Reprint edition ,English,5.4 x 1.1 x 8.3 inches,12 ounces,4
The Wise Man's Fear Kingkiller Chronicle,6.8,Books > Literature & Fiction > Action & Adventure,Patrick Rothfuss,756407915,1120,DAW; Reissue edition ,English,4.2 x 1.9 x 6.8 inches,1.1 pounds,4
Red Alert,19.58,"Books > Mystery, Thriller & Suspense > Thrillers & Suspense",Marshall Karp James Patterson,316395560,368,"Little, Brown and Company; Large Print edition ",English,6.4 x 1.5 x 9.6 inches,1.2 pounds,nan
Ramses the Damned,9.26,Books > Literature & Fiction > Genre Fiction,"Rice, AnneRice, Christopher",1101970324,416,"Anchor; Complete Numbers Starting with 1, 1st Ed edition ",English,5.1 x 0.9 x 8 inches,10.4 ounces,4
Truly Madly Guilty Paperback ,13.89,Books > Literature & Fiction > Genre Fiction,Liane Moriarty,1250069807,544,Flatiron Books; Reprint edition ,English,5.5 x 1.4 x 8.2 inches,1 pounds,3
The People vs. Alex Cross Hardcover ,19.37,"Books > Mystery, Thriller & Suspense > Thrillers & Suspense",James Patterson,316273902,432,"Little, Brown and Company ",English,6.4 x 1.4 x 9.6 inches,1.9 pounds,4
Echo Burning Jack Reacher,8.15,"Books > Mystery, Thriller & Suspense > Thrillers & Suspense",Lee Child,515143820,592,Berkley; Reissue edition ,English,4.2 x 1.2 x 7.6 inches,11.2 ounces,4
"Tinker, Tailor, Soldier, Spy ",13.06,"Books > Mystery, Thriller & Suspense > Thrillers & Suspense",John le Carré,143119788,400,Penguin Books; Reprint edition ,English,5.5 x 1.1 x 8.2 inches,12 ounces,4
Gwendy's Button Box,12.61,"Books > Mystery, Thriller & Suspense > Thrillers & Suspense",Stephen King Richard Chizmar,1501188291,176,Gallery Books; Reprint edition ,English,5.3 x 0.4 x 8.2 inches,5 ounces,4
The Dark Tower VII ,9.99,Books > Literature & Fiction > Genre Fiction,Stephen King,1501161830,1072,Pocket Books; Reissue edition ,English,4.1 x 1.9 x 7.5 inches,1 pounds,4
The Medical Examiner,4.49,"Books > Mystery, Thriller & Suspense > Thrillers & Suspense",James Patterson Maxine Paetro,316504823,144,BookShots ,English,5 x 0.4 x 7 inches,5 ounces,4
Ursula K. Le Guin,48.56,Books > Science Fiction & Fantasy > Science Fiction,Ursula K. Le Guin,1598535374,2100,Library of America; Box edition ,English,5.4 x 2.9 x 8.5 inches,3.6 pounds,5
If I Live If I Run Series,14.32,Books > Christian Books & Bibles > Literature & Fiction,"Blackstock, Terri",310332540,352,Zondervan ,English,5.5 x 0.9 x 8.4 inches,10.9 ounces,4
The Husband's Secret Paperback ,7.48,Books > Literature & Fiction > Genre Fiction,Liane Moriarty,451490045,496,Berkley; Premium edition ,English,4.2 x 1 x 7.5 inches,8.8 ounces,4
Darker,9.25,Books > Literature & Fiction > Women's Fiction,E. L. James,385543913,560,Vintage ,English,5.2 x 0.9 x 8 inches,1.9 pounds,4
Sleeping Beauties ,22.17,Books > Literature & Fiction > Genre Fiction,Stephen King Owen King,150116340X,720,Scribner; First Edition edition ,English,6.1 x 2.1 x 9.2 inches,2.6 pounds,4
The Ultimate Hitchhiker's Guide to the Galaxy Paperback ,13.59,Books > Literature & Fiction > British & Irish,"Adams, Douglas",345453743,832,Del Rey ,English,6.1 x 1.4 x 9.2 inches,1.7 pounds,4
The Hitchhiker's Guide to the Galaxy Mass Market Paperback ,7.19,Books > Comics & Graphic Novels > Graphic Novels,"ADAMS, DOUGLAS",345391802,224,Del Rey; First Edition edition ,English,4.2 x 0.6 x 6.9 inches,1.6 ounces,4
Red Rising Paperback ,10.2,Books > Science Fiction & Fantasy > Science Fiction,"Brown, Pierce",034553980X,416,Del Rey; Reprint edition ,English,5.5 x 0.9 x 8.2 inches,9.6 ounces,4
Camino Island,12.25,"Books > Mystery, Thriller & Suspense > Thrillers & Suspense","GRISHAM, JOHN",385543026,368,Doubleday; 1st Edition edition ,English,6.4 x 1.1 x 9.5 inches,14.4 ounces,3
Chicago,17.7,"Books > Mystery, Thriller & Suspense > Thrillers & Suspense","Mamet, David",62797190,332,Custom House; 1st Edition edition ,English,6 x 1.1 x 9 inches,1.1 pounds,2
The Left Hand of Darkness Mass Market Paperback ,8.99,Books > Science Fiction & Fantasy > Fantasy,Ursula K. Le Guin,441478123,352,Ace Books; 1st edition ,English,4.2 x 0.9 x 7.5 inches,5.6 ounces,4
Do Androids Dream of Electric Sheep?,12.69,Books > Comics & Graphic Novels > Graphic Novels,Philip K. Dick,345404475,256,Del Rey ,English,5.5 x 0.5 x 8.2 inches,6.4 ounces,4
The Name of the Wind Mass Market Paperback ,9.94,Books > Science Fiction & Fantasy > Fantasy,Patrick Rothfuss,756404746,736,DAW Books ,English,4.2 x 1.5 x 6.8 inches,12 ounces,4
AMERICAN GODS TV TIE IN,10.5,Books > Literature & Fiction > Action & Adventure,"GAIMAN, NEIL",62572237,576,"William Morrow Paperbacks; Anniversary, Media Tie In edition ",English,5.3 x 0.9 x 8 inches,15.2 ounces,4
Need to Know,16.47,"Books > Mystery, Thriller & Suspense > Thrillers & Suspense","Cleveland, Karen",1524797022,290,Ballantine Books ,English,6.4 x 1.1 x 9.5 inches,1.2 pounds,4
Ordinary Grace Paperback ,9.01,Books > Literature & Fiction > Genre Fiction,William Kent Krueger,1451645856,336,Atria Books; Reprint edition ,English,5.3 x 0.9 x 8.2 inches,9.6 ounces,4
House of Leaves Paperback ,15.19,Books > Literature & Fiction > Genre Fiction,"Danielewski, Mark Z.",375703764,736,Pantheon; 2nd edition ,English,7 x 1.4 x 9.2 inches,2.2 pounds,4
Munich,18.27,"Books > Mystery, Thriller & Suspense > Thrillers & Suspense","Harris, Robert",525520260,303,Knopf; 1st Edition edition ,English,6.6 x 1.1 x 9.5 inches,1.3 pounds,4
White Houses,17.7,Books > Literature & Fiction > Genre Fiction,"Bloom, Amy",081299566X,218,Random House ,English,6.4 x 0.8 x 9.6 inches,1 pounds,3
Grey,9.59,Books > Literature & Fiction > Women's Fiction,"JAMES, E.L.",1101946342,576,Vintage ,English,5.2 x 0.9 x 8 inches,2 pounds,4
The Keeper of Lost Things,10.84,Books > Science Fiction & Fantasy > Fantasy,"Hogan, Ruth",62473557,288,William Morrow Paperbacks; Reprint edition ,English,5.3 x 0.6 x 8 inches,7.7 ounces,4
Sword of Destiny The Witcher,14.92,Books > Literature & Fiction > Action & Adventure,Andrzej Sapkowski David French,316389706,400,Orbit ,English,5.5 x 1.1 x 8.2 inches,0.8 ounces,4
Paper Girls Volume 1 Paperback ,9.99,Books > Comics & Graphic Novels > Graphic Novels,Brian K Vaughan Cliff Chiang,1632156741,144,Image Comics ,English,6.6 x 0.4 x 10.1 inches,11.2 ounces,4
The Lost World,7.99,Books > Literature & Fiction > Action & Adventure,"Crichton, Michael",345538994,432,Ballantine Books; Reprint edition ,English,4.2 x 1.1 x 7.5 inches,9.6 ounces,4
Murder on the Orient Express,7.16,"Books > Mystery, Thriller & Suspense > Thrillers & Suspense","CHRISTIE, AGATHA",62693662,304,William Morrow; Reprint edition ,English,4.2 x 0.7 x 7.5 inches,6.4 ounces,4
The Woman in the Water,19.99,"Books > Mystery, Thriller & Suspense > Mystery",Charles Finch,1250139465,320,Minotaur Books ,English,6.3 x 1.2 x 9.4 inches,1 pounds,4
The Five People You Meet in Heaven Paperback ,8.88,Books > Literature & Fiction > Genre Fiction,Mitch Albom,1401308589,208,Hachette Books; Reprint edition ,English,5.1 x 0.5 x 7.1 inches,11.2 ounces,4
Bloodline (Star Wars),8.99,Books > Science Fiction & Fantasy > Science Fiction,Claudia Gray,1101885262,432,Del Rey ,English,4.2 x 1 x 7.5 inches,7.8 ounces,4
A Game of Thrones 1,33.07,Books > Literature & Fiction > Action & Adventure,"Martin, George R. R.",553808044,880,"Bantam; Anniversary, Illustrated edition ",English,6.5 x 2.7 x 9.4 inches,3 pounds,4
The Magician's Land ,10.71,Books > Literature & Fiction > Genre Fiction,Lev Grossman,147516145,416,Penguin Books; Reprint edition ,English,5.5 x 0.9 x 8.4 inches,12 ounces,4
Life Debt,8.99,Books > Literature & Fiction > Genre Fiction,Chuck Wendig,1101966955,512,Del Rey ,English,4.2 x 1 x 7.5 inches,7 ounces,3
The Family Lawyer Paperback ,12.49,"Books > Mystery, Thriller & Suspense > Thrillers & Suspense",James Patterson,1538711338,496,Grand Central Publishing; First Edition edition ,English,5.5 x 1.4 x 8.1 inches,13.8 ounces,4
What She Knew,10.97,"Books > Mystery, Thriller & Suspense > Thrillers & Suspense","Macmillan, Gilly",62413864,512,William Morrow Paperbacks ,English,5.3 x 0.8 x 8 inches,12.8 ounces,4
The Cartel 5,7.25,Books > Literature & Fiction > United States,Ashley & JaQuavis,162286736X,304,Urban Books ,English,4.2 x 1 x 6.8 inches,6.4 ounces,4
The Fast and the Furriest Second Chance Cat Mystery,6.15,"Books > Mystery, Thriller & Suspense > Mystery",Sofie Ryan,1101991224,304,Berkley ,English,4.2 x 0.8 x 6.8 inches,5.3 ounces,4
If I'm Found If I Run Series,8.79,Books > Christian Books & Bibles > Literature & Fiction,"Blackstock, Terri",310332486,384,Zondervan ,English,5.5 x 1 x 8.4 inches,11.2 ounces,4
The Good Girl,10.26,"Books > Mystery, Thriller & Suspense > Thrillers & Suspense","Kubica, Mary",778317765,384,MIRA; Reprint edition ,English,5.4 x 1 x 8.2 inches,11.4 ounces,4
Mr. Mercedes,12.22,"Books > Mystery, Thriller & Suspense > Mystery",Stephen King,1476754470,560,Gallery Books; Reprint edition ,English,5.3 x 1.3 x 8.2 inches,13.6 ounces,4
THRAWN (STAR WARS),9.4,Books > Literature & Fiction > Action & Adventure,"ZAHN, TIMOTHY",1101967021,496,Del Rey; Reprint edition ,English,4.2 x 1.2 x 7.5 inches,9.3 ounces,4
Life of Pi Paperback ,10.09,Books > Literature & Fiction > Action & Adventure,Yann Martel,156027321,336,Mariner Books ,English,5.3 x 0.9 x 8 inches,7.8 ounces,4
The President Is Missing Hardcover ,23.24,"Books > Mystery, Thriller & Suspense > Thrillers & Suspense",Bill Clinton James Patterson,316412694,400,"Little, Brown and Company and Knopf ",English,1.1 x 1.1 inches,1.7 pounds,nan
Golden Son,15.89,Books > Literature & Fiction > Action & Adventure,"Brown, Pierce",345539834,464,Del Rey; Reprint edition ,English,5.5 x 1 x 8.2 inches,12 ounces,4
Uprooted,11.13,Books > Science Fiction & Fantasy > Fantasy,"Novik, Naomi",804179050,464,Del Rey; Reprint edition ,English,5.6 x 1 x 8.3 inches,12.6 ounces,4
The Last Unicorn Paperback ,13.45,Books > Comics & Graphic Novels > Graphic Novels,Peter S. Beagle,451450523,304,Ace; Reissue edition ,English,5.3 x 0.6 x 8 inches,8.5 ounces,4
"Dune Messiah The Dune Chronicles, Book 2",8.09,Books > Science Fiction & Fantasy > Fantasy,Frank Herbert,441172695,336,Ace ,English,4.2 x 0.9 x 6.9 inches,7.2 ounces,4
The Wind Through the Keyhole,9.28,Books > Literature & Fiction > Genre Fiction,Stephen King,1501166220,320,Scribner; Reprint edition ,English,5.5 x 0.7 x 8.4 inches,9.9 ounces,4
Wicked,6.34,Books > Science Fiction & Fantasy > Fantasy,"Maguire, Gregory",61350966,560,Harper; Mass Paperback Edition edition ,English,4.2 x 1.1 x 6.8 inches,8.8 ounces,3
Empire's End,6.08,Books > Science Fiction & Fantasy > Science Fiction,"WENDIG, CHUCK",110196698X,512,Del Rey; Reprint edition ,English,4.2 x 1 x 7.5 inches,6.4 ounces,3
The Girl with the Dragon Tattoo Millennium Series,7.99,"Books > Mystery, Thriller & Suspense > Thrillers & Suspense","Larsson, Stieg",307949486,672,"Vintage Crime/Black Lizard; Media Tie In, Reissue edition ",English,4.2 x 1.6 x 7.5 inches,15.2 ounces,4
Without Fail Jack Reacher,7.99,"Books > Mystery, Thriller & Suspense > Thrillers & Suspense",Lee Child,515144312,608,Berkley; Reprint edition ,English,4.2 x 1.2 x 7.5 inches,11.5 ounces,4
Y is for Yesterday A Kinsey Millhone Novel,15.89,"Books > Mystery, Thriller & Suspense > Mystery",Sue Grafton,399163859,496,Marian Wood Books/Putnam; 1st Edition edition ,English,6.4 x 1.5 x 9.3 inches,1.6 pounds,4
A Dog's Purpose ,8.69,Books > Literature & Fiction > Genre Fiction,W. Bruce Cameron,765388111,336,Forge Books; Media Tie In edition ,English,5.4 x 1 x 8.3 inches,1 pounds,4
Dark Matter,15.0,"Books > Mystery, Thriller & Suspense > Thrillers & Suspense","Crouch, Blake",1101904240,368,Broadway Books; Reprint edition ,English,5.2 x 0.8 x 8 inches,10.4 ounces,4
Aftermath,9.94,Books > Literature & Fiction > Genre Fiction,"WENDIG, CHUCK",1101885920,448,Del Rey; Reissue edition ,English,4.2 x 1 x 7.5 inches,8 ounces,2
A Discovery of Witches All Souls Trilogy,12.8,Books > Literature & Fiction > Genre Fiction,Deborah Harkness,143119680,592,Penguin Books; 1st edition ,English,5.5 x 1.3 x 8.5 inches,1 pounds,4
World War Z,11.48,"Books > Mystery, Thriller & Suspense > Thrillers & Suspense",Max Brooks,307346617,342,Three Rivers Press; 1st edition ,English,5.2 x 0.9 x 8 inches,12 ounces,4
A Stranger in the House Hardcover ,14.65,"Books > Mystery, Thriller & Suspense > Thrillers & Suspense",Shari Lapena,073522112X,320,Pamela Dorman Books ,English,6.3 x 1.1 x 9.3 inches,1.2 pounds,4
Year One ,16.45,"Books > Mystery, Thriller & Suspense > Thrillers & Suspense",Nora Roberts,1250122953,432,St. Martin's Press; First Edition: December 2017 edition ,English,6.4 x 1.4 x 9.6 inches,1.3 pounds,4
CATALYST (STAR WARS),8.98,Books > Literature & Fiction > Action & Adventure,"LUCENO, JAMES",1101967005,496,Del Rey; Media Tie In edition ,English,4.2 x 1 x 7.5 inches,7.7 ounces,4
The Girl With All the Gifts Paperback ,11.55,Books > Literature & Fiction > Action & Adventure,M. R. Carey,316334758,448,Orbit; Reprint edition ,English,5.5 x 1.2 x 8.4 inches,13.6 ounces,4
The Last Command Star Wars,7.7,Books > Science Fiction & Fantasy > Science Fiction,"Zahn, Timothy",553564927,467,Bantam; 1st edition ,English,4.2 x 1.1 x 6.9 inches,9.6 ounces,4
Kindred,17.99,Books > Literature & Fiction > United States,Damian Duffy Octavia E. ButlerJohn Jennings,141970947X,264,Abrams ComicArts ,English,7 x 0.9 x 9.9 inches,2.5 pounds,4
Edge of Darkness The Cincinnati Series,6.58,"Books > Mystery, Thriller & Suspense > Thrillers & Suspense",Karen Rose,399583084,640,Berkley ,English,4.2 x 1.3 x 6.8 inches,10.1 ounces,4
Shantaram ,12.81,Books > Literature & Fiction > Action & Adventure,Gregory David Roberts,312330537,944,St. Martin's Griffin; Reprint edition ,English,5.5 x 1.6 x 8.2 inches,1.6 pounds,4
Morning Star,15.64,Books > Literature & Fiction > Action & Adventure,"Brown, Pierce",345539869,544,Del Rey; Reprint edition ,English,5.5 x 1.1 x 8.2 inches,13.6 ounces,4
The Rules of Magic,21.27,Books > Literature & Fiction > Genre Fiction,Alice Hoffman,1501137476,384,Simon & Schuster; First Edition edition ,English,6.2 x 1.1 x 9.2 inches,1.3 pounds,4
Jurassic Park,8.79,Books > Literature & Fiction > Action & Adventure,"CRICHTON, MICHAEL",345538986,464,Ballantine Books ,English,4.2 x 1.1 x 7.5 inches,8.8 ounces,4
Dark Force Rising Star Wars,7.99,Books > Science Fiction & Fantasy > Science Fiction,"Zahn, Timothy",553560719,439,Bantam Spectra Books ,English,4.2 x 1.2 x 6.9 inches,7.2 ounces,4
The Magician King ,18.32,Books > Science Fiction & Fantasy > Fantasy,Lev Grossman,452298016,432,Penguin Books; Reprint edition ,English,5.5 x 0.9 x 8.4 inches,12.6 ounces,4
Every Heart a Doorway Wayward Children,10.34,Books > Literature & Fiction > Genre Fiction,Seanan McGuire,765385503,176,Tor.com; First Edition edition ,English,5.8 x 0.7 x 8.5 inches,9.6 ounces,4
Stars of Fortune Guardians Trilogy,10.52,Books > Literature & Fiction > United States,"Roberts, Nora",425280101,336,Berkley ,English,5.6 x 0.7 x 8.2 inches,9.6 ounces,4
"The Tombs of Atuan The Earthsea Cycle, Book 2",7.48,Books > Teen & Young Adult > Science Fiction & Fantasy,Ursula  K. Le Guin,689845367,192,Aladdin Paperbacks; Reprint edition ,English,4.2 x 0.6 x 7 inches,3.4 ounces,4
The Big Sleep A Philip Marlowe Novel,13.45,"Books > Mystery, Thriller & Suspense > Mystery","Chandler, Raymond",394758285,240,Vintage Crime/Black Lizard; Reprint edition ,English,5.2 x 0.6 x 8 inches,8.8 ounces,4
Transfer of Power A Mitch Rapp Novel,7.3,"Books > Mystery, Thriller & Suspense > Thrillers & Suspense",Vince Flynn,1439197032,672,Pocket Star; Reprint edition ,English,4.1 x 1.4 x 7.5 inches,14.4 ounces,4
End of Watch,10.19,"Books > Mystery, Thriller & Suspense > Thrillers & Suspense","King, Stephen",1501134132,613,Pocket Books; Reprint edition ,English,4.1 x 1 x 7.5 inches,12.6 ounces,4
The Dark Tower I ,14.92,Books > Literature & Fiction > Genre Fiction,Stephen King,1501143514,288,Scribner; Reprint edition ,English,5.5 x 0.7 x 8.4 inches,0.3 ounces,4
The Fellowship of the Ring ,12.66,Books > Literature & Fiction > Genre Fiction,J.R.R. Tolkien,547928211,432,Mariner Books; Reissue edition ,English,5.5 x 1 x 8.2 inches,15.2 ounces,4
The Alloy of Law,9.88,Books > Literature & Fiction > Action & Adventure,"Sanderson, Brandon",765368544,416,Tor Fantasy; Reprint edition ,English,4.2 x 1.1 x 6.8 inches,7 ounces,4
The Cold Dish ,12.8,Books > Literature & Fiction > Genre Fiction,"Johnson, Craig",143123173,400,Penguin Books; Reprint edition ,English,5.1 x 0.7 x 7.7 inches,11.2 ounces,4
16th Seduction Women's Murder Club,13.06,"Books > Mystery, Thriller & Suspense > Thrillers & Suspense",James Patterson,1455542660,384,Grand Central Publishing; Reprint edition ,English,5.2 x 1 x 8 inches,10.4 ounces,4
"I, Robot Paperback ",10.2,Books > Literature & Fiction > Short Stories & Anthologies,"Asimov, Isaac",055338256X,288,Spectra; Reprint edition ,English,5.5 x 0.6 x 8.2 inches,6.4 ounces,4
Welcome to Night Vale,11.19,Books > Literature & Fiction > Genre Fiction,"Cranor, Jeffrey Fink, Joseph",62351427,401,Harper Perennial; First Edition edition ,English,6 x 1.3 x 9 inches,13.6 ounces,4
Beyond Danger The Texas Trilogy,7.99,"Books > Mystery, Thriller & Suspense > Thrillers & Suspense","MARTIN, KAT",1420143174,384,Zebra ,English,4.1 x 1 x 6.7 inches,6.4 ounces,4
My Husband's Wife ,11.59,"Books > Mystery, Thriller & Suspense > Thrillers & Suspense",Jane Corry,735220964,400,Penguin Books; Reprint edition ,English,5.4 x 0.8 x 8.4 inches,11.2 ounces,3
Gone Girl Paperback ,9.49,"Books > Mystery, Thriller & Suspense > Thrillers & Suspense","Flynn, Gillian",307588378,422,Broadway Books; Reprint edition ,English,5.2 x 1 x 8 inches,12 ounces,4
"Shadow of Night All Souls Trilogy, Bk 2",16.29,Books > Literature & Fiction > Genre Fiction,Deborah Harkness,143123629,592,Penguin Books; Reprint edition ,English,5.5 x 1.2 x 8.5 inches,1 pounds,4
Star Wars,7.19,Books > Literature & Fiction > Action & Adventure,"KARPYSHYN, DREW",345511352,368,Del Rey; Reprint edition ,English,4.2 x 0.9 x 6.8 inches,6.4 ounces,4
The Outlandish Companion Volume Two,27.19,Books > Literature & Fiction > History & Criticism,Diana Gabaldon,385344449,608,Delacorte Press; First Edition edition ,English,7.3 x 1.7 x 9.5 inches,2.6 pounds,4
Bay of Sighs Guardians Trilogy,5.47,Books > Literature & Fiction > United States,Nora Roberts,515155918,352,Berkley; Reissue edition ,English,4.2 x 0.9 x 6.8 inches,6.1 ounces,4
The Good Daughter,12.96,"Books > Mystery, Thriller & Suspense > Thrillers & Suspense",Karin Slaughter,62430246,528,William Morrow; First Edition edition ,English,6 x 1.3 x 9 inches,1.2 pounds,4
Death on the Nile,8.89,Books > Literature & Fiction > Genre Fiction,"Christie, Agatha",62073559,352,William Morrow Paperbacks; Reissue edition ,English,5.3 x 0.8 x 8 inches,1.1 pounds,4
Shadows of Self,8.76,Books > Literature & Fiction > Action & Adventure,Brandon Sanderson,765378566,464,Tor Fantasy; Reprint edition ,English,4.1 x 1.3 x 6.9 inches,5.6 ounces,4
Metro 2034 METRO by Dmitry Glukhovsky,12.9,Books > Literature & Fiction > Genre Fiction,"Glukhovsky, Dmitry",1473204305,320,Gollancz ,English,5.1 x 0.9 x 7.9 inches,3.5 ounces,4
Career of Evil A Cormoran Strike Novel,12.01,"Books > Mystery, Thriller & Suspense > Thrillers & Suspense",Robert Galbraith,316349895,512,Mulholland Books; Reprint edition ,English,5.5 x 1.5 x 8.2 inches,15.2 ounces,4
The Dark Tower 8-Book Boxed Set Paperback ,96.65,Books > Literature & Fiction > Genre Fiction,Stephen King,1501163566,4720,Scribner; Boxed Set edition ,English,5.5 x 5.2 x 8.4 inches,10.3 pounds,4
Fifty Shades Freed,9.29,Books > Literature & Fiction > Women's Fiction,"JAMES, E L",9.78E+12,592,Vintage; Reprint edition ,English,5.2 x 1 x 8 inches,14.4 ounces,4
The Lady of the Lake The Witcher,13.15,Books > Literature & Fiction > Action & Adventure,Andrzej Sapkowski David French,031627383X,560,Orbit ,English,5.5 x 1.5 x 8.2 inches,13.1 ounces,4
Homeland,7.19,Books > Literature & Fiction > Action & Adventure,"Salvatore, R. A.",786939532,384,Wizards of the Coast; Reprint edition ,English,4.2 x 1 x 6.8 inches,6.4 ounces,4
The Lies of Locke Lamora Gentleman Bastards,8.09,Books > Literature & Fiction > Action & Adventure,"Lynch, Scott",055358894X,736,Del Rey; Reprint edition ,English,4.2 x 1.2 x 6.9 inches,12 ounces,3
The Late Show Paperback ,14.39,"Books > Mystery, Thriller & Suspense > Thrillers & Suspense",Michael Connelly,1455524239,448,Grand Central Publishing; Reprint edition ,English,5.2 x 1.2 x 8 inches,12 ounces,4
A Canticle for Leibowitz Mass Market Paperback ,6.26,Books > Christian Books & Bibles > Literature & Fiction,"Miller, Walter M., Jr.",553273817,368,Bantam Spectra; . edition ,English,4.2 x 1 x 6.9 inches,6.4 ounces,4
The Book of Life ,16.99,Books > Literature & Fiction > Genre Fiction,Deborah Harkness,143127527,576,Penguin Books; Reprint edition ,English,5.4 x 1.2 x 8.4 inches,1 pounds,4
Strange Weather,16.99,Books > Literature & Fiction > Genre Fiction,"Hill, Joe",62663119,432,William Morrow; First Edition/First Printing edition ,English,6 x 1.4 x 9 inches,1.4 pounds,4
Come Sundown Hardcover ,16.9,Books > Literature & Fiction > Women's Fiction,Nora Roberts,1250123070,480,St. Martin's Press; First Edition / First Printing edition ,English,6.5 x 1.5 x 0.4 inches,1.5 pounds,4
Rogue Lawyer,8.49,"Books > Mystery, Thriller & Suspense > Thrillers & Suspense","GRISHAM, JOHN",553393480,400,Dell; Reprint edition ,English,4.2 x 0.9 x 7.5 inches,7.2 ounces,4
One Flew Over the Cuckoo's Nest Mass Market Paperback ,11.54,Books > Literature & Fiction > Genre Fiction,Ken Kesey,451163966,312,Berkley ,English,4.2 x 0.9 x 7.5 inches,7.2 ounces,4
Fifty Shades Darker Paperback ,9.29,Books > Literature & Fiction > Women's Fiction,E. L. James,345803493,544,Vintage; Reprint edition ,English,5.2 x 0.9 x 8 inches,13.6 ounces,4
Fight Club,6.32,Books > Humor & Entertainment > Humor,"Palahniuk, Chuck",393327345,224,W. W. Norton ,English,5.5 x 0.7 x 8.3 inches,6.9 ounces,4
"The Great Hunt The Wheel of Time, Book 2",7.99,Books > Science Fiction & Fantasy > Fantasy,Robert Jordan,812517725,736,Tor Fantasy ,English,4.2 x 1.6 x 6.8 inches,11.2 ounces,4
The Armored Saint The Sacred Throne,14.53,Books > Science Fiction & Fantasy > Fantasy,Myke Cole,765395959,208,Tor.com ,English,5.8 x 0.8 x 8.6 inches,10.2 ounces,4
The Third Option A Mitch Rapp Novel,8.86,"Books > Mystery, Thriller & Suspense > Thrillers & Suspense",Vince Flynn,1439195129,512,Pocket Star; Reprint edition ,English,4.1 x 1 x 7.5 inches,12 ounces,4
The Concrete Blonde A Harry Bosch Novel,9.32,"Books > Mystery, Thriller & Suspense > Thrillers & Suspense",Michael Connelly,1455550639,560,Grand Central Publishing; Reprint edition ,English,4.2 x 1.2 x 7.5 inches,9.9 ounces,4
The Black Book Paperback ,9.3,"Books > Mystery, Thriller & Suspense > Thrillers & Suspense",David Ellis James Patterson,1455542679,448,Grand Central Publishing; Reprint edition ,English,5.2 x 1.1 x 8 inches,15.2 ounces,4
Lords of the Sith,9.28,Books > Literature & Fiction > Genre Fiction,"KEMP, PAUL S.",034551145X,368,Del Rey ,English,4.2 x 0.9 x 7.5 inches,12.6 ounces,4
A Memory of Light Wheel of Time,8.99,Books > Literature & Fiction > Action & Adventure,"Sanderson, Brandon Jordan, Robert",765364883,1168,Tor Fantasy ,English,4 x 2 x 6.7 inches,1.2 pounds,4
Fort Solitude DC Comics,11.37,Books > Children's Books > Growing Up & Facts of Life,Derek Fridolfs Dustin Nguyen,545876842,176,Scholastic Inc. ,English,5.5 x 0.5 x 8.2 inches,8.5 ounces,4
The Girl Who Kicked the Hornet's Nest Millennium Series,8.74,"Books > Mystery, Thriller & Suspense > Thrillers & Suspense","Larsson, Stieg",307742539,832,Vintage Crime/Black Lizard; Reprint edition ,English,4.2 x 1.4 x 7.5 inches,1 pounds,4
Find Her Detective D. D. Warren,8.49,"Books > Mystery, Thriller & Suspense > Thrillers & Suspense",Lisa Gardner,451477162,464,Dutton; Reprint edition ,English,4.2 x 1 x 7.6 inches,8.8 ounces,4
ORIGIN (EN ESPANOL),20.06,Books > Literature & Fiction > Action & Adventure,"BROWN, DAN",525434291,496,Vintage Espanol ,Spanish,6.6 x 1.6 x 9.5 inches,1.8 pounds,4
"Rainbow Six John Clark Novel, A",8.21,Books > Literature & Fiction > Action & Adventure,Tom Clancy,9.78E+12,912,Berkley ,English,4.2 x 1.4 x 6.9 inches,14.4 ounces,4
11/22/63,18.68,"Books > Mystery, Thriller & Suspense > Thrillers & Suspense",Stephen King,1451627297,880,Gallery Books; Paperback Edition edition ,English,6 x 2.1 x 9 inches,2.5 pounds,4
The Family Business 4,12.5,Books > Literature & Fiction > United States,"Weber, Carl",1622867661,300,Urban Books ,English,6.2 x 1 x 9.3 inches,15.8 ounces,4
The Sword of Shannara Mass Market Paperback ,9.43,Books > Literature & Fiction > Action & Adventure,"Brooks, Terry",345314255,736,Del Rey; Reissue edition ,English,4.2 x 1.6 x 6.8 inches,13.6 ounces,3
The Mists of Avalon Paperback ,14.68,Books > Literature & Fiction > Genre Fiction,"Bradley, Marion Zimmer",345350499,912,Del Rey; 1st edition ,English,6.1 x 1.6 x 9.2 inches,1.8 pounds,4
The Philosopher's Flight,20.34,Books > Science Fiction & Fantasy > Fantasy,Tom Miller,1476778159,432,Simon & Schuster ,English,6 x 1.2 x 9 inches,1.3 pounds,4
The Walt Longmire Mystery Series Boxed Set Volumes 1-4 Walt Longmire Mysteries,47.5,"Books > Mystery, Thriller & Suspense > Mystery",Craig Johnson,147508770,1392,Penguin Books; Box edition ,English,5.2 x 2.6 x 8 inches,2.2 pounds,4
Metro 2033,15.28,Books > Science Fiction & Fantasy > Science Fiction,"Glukhovsky, Dmitry",1481845705,460,CreateSpace Independent Publishing Platform ,English,6 x 1.2 x 9 inches,1.7 pounds,4
After You ,11.06,Books > Literature & Fiction > Women's Fiction,Jojo Moyes,143108867,400,Penguin Books; Reprint edition ,English,5.4 x 0.7 x 8.4 inches,14.4 ounces,4
The Final Day ,6.47,Books > Literature & Fiction > Action & Adventure,William R. Forstchen,076537675X,480,Forge Books; Reprint edition ,English,4.2 x 1.1 x 6.7 inches,10.6 ounces,4
Supernatural,9.85,Books > Literature & Fiction > Genre Fiction,"Navarro, Yvonne",62103377,330,It Books; Original edition ,English,5 x 0.7 x 8 inches,9.1 ounces,4
The First Law Trilogy Paperback ,28.45,Books > Literature & Fiction > Genre Fiction,Joe Abercrombie,316361194,1680,Orbit ,English,6 x 4.8 x 9.2 inches,4.3 pounds,4
One Perfect Lie Paperback ,13.58,"Books > Mystery, Thriller & Suspense > Thrillers & Suspense",Lisa Scottoline,1250099579,400,St. Martin's Griffin; Reprint edition ,English,5.6 x 1 x 8.3 inches,11.4 ounces,4
Personal,8.99,"Books > Mystery, Thriller & Suspense > Thrillers & Suspense","CHILD, LEE",804178755,544,Dell; Reissue edition ,English,4.3 x 1.3 x 7.5 inches,10.4 ounces,3
Words of Radiance,9.98,Books > Literature & Fiction > Action & Adventure,Brandon Sanderson,765365286,1328,Tor Fantasy ,English,4.2 x 2.1 x 6.8 inches,1.3 pounds,4
The Bear and the Nightingale,11.0,Books > Literature & Fiction > Action & Adventure,"Arden, Katherine",1101885955,368,Del Rey; Reprint edition ,English,5.5 x 0.8 x 8.2 inches,9.6 ounces,4
Baptism of Fire The Witcher,13.71,Books > Literature & Fiction > Genre Fiction,Andrzej Sapkowski David French,316219185,400,Orbit ,English,5.5 x 1 x 8.2 inches,13.6 ounces,4
Sword Art Online Progressive The Novel 2,12.53,Books > Literature & Fiction > World Literature,Reki Kawahara,316371246,256,Yen On ,English,5.5 x 0.8 x 8.4 inches,7.2 ounces,4
PHASMA (STAR WARS),17.69,Books > Science Fiction & Fantasy > Science Fiction,"DAWSON, DELILAH S.",152479631X,400,Del Rey ,English,6.3 x 1.4 x 9.5 inches,1.6 pounds,3
Tricky Twenty-Two,8.09,Books > Literature & Fiction > United States,"EVANOVICH, JANET",345542975,352,Bantam; Reprint edition ,English,4.2 x 0.9 x 6.9 inches,6.4 ounces,4
Kill Shot ,8.74,"Books > Mystery, Thriller & Suspense > Thrillers & Suspense",Vince Flynn,1416595228,464,Pocket Books ,English,4.1 x 1 x 7.5 inches,4 ounces,4
Along Came A Spider Mass Market Paperback ,6.48,"Books > Mystery, Thriller & Suspense > Thrillers & Suspense",James Patterson,446364193,528,Grand Central Publishing ,English,4.2 x 1.1 x 6.8 inches,6.4 ounces,4
The Last Mile Memory Man series,9.99,Books > Literature & Fiction > Action & Adventure,David Baldacci,1455586447,560,Vision; Reprint edition ,English,4.2 x 1.1 x 7.6 inches,9.9 ounces,4
Separation of Power A Mitch Rapp Novel,9.71,"Books > Mystery, Thriller & Suspense > Thrillers & Suspense",Vince Flynn,1439135738,544,Pocket Star; Reprint edition ,English,4.1 x 1.2 x 7.5 inches,11.2 ounces,4
War and Peace Vintage Classics,12.97,Books > Literature & Fiction > Genre Fiction,"Tolstoy, Leo",1400079985,1296,Vintage; Reprint edition ,English,6 x 1.7 x 9.2 inches,2.4 pounds,4
A Tree Grows in Brooklyn Modern Classics,15.12,Books > Literature & Fiction > Genre Fiction,"Smith, Betty",61120073,528,Harper Perennial Modern Classics ,English,5.5 x 1.3 x 8.2 inches,1.1 pounds,4
"A Clash of Kings A Song of Ice and Fire, Book 2",9.79,Books > Literature & Fiction > Action & Adventure,George R. R. Martin,553579908,1040,Bantam; Reissue edition ,English,4.2 x 1.6 x 6.9 inches,1.1 pounds,4
"The Farthest Shore The Earthsea Cycle, Book 3",8.6,Books > Teen & Young Adult > Science Fiction & Fantasy,Ursula  K. Le Guin,689845340,272,Saga Press; Reprint edition ,English,4.2 x 1.1 x 7 inches,4.8 ounces,4
The Night Trilogy ,9.79,Books > Biographies & Memoirs > Historical,Elie Wiesel,809073641,352,"Hill and Wang; First PB Edition, First Printing edition ",English,5.5 x 0.9 x 8.3 inches,8.8 ounces,4
Shroud of Eternity,22.9,Books > Literature & Fiction > Action & Adventure,Terry Goodkind,765388243,528,Tor Books; First Edition edition ,English,6.5 x 1.6 x 9.5 inches,3.4 pounds,4
The Tower of Swallows The Witcher,13.25,Books > Literature & Fiction > Action & Adventure,Andrzej Sapkowski David French,316273716,464,Orbit ,English,5.5 x 1.2 x 8.2 inches,14.4 ounces,4
See Me Mass Market Paperback ,7.08,Books > Literature & Fiction > Genre Fiction,Nicholas Sparks,1455520608,576,Vision; Reprint edition ,English,4.2 x 1.2 x 6.9 inches,9.1 ounces,4
The Blood Mirror Lightbringer,12.64,Books > Literature & Fiction > Action & Adventure,Brent Weeks,316251321,736,Orbit; Reprint edition ,English,5.6 x 2 x 8.4 inches,1.3 pounds,4
The Quantum Spy,14.11,"Books > Mystery, Thriller & Suspense > Thrillers & Suspense","Ignatius, David",393254151,336,W. W. Norton & Company; 1 edition ,English,6.5 x 1.1 x 9.6 inches,1.6 pounds,4
15th Affair Women's Murder Club,8.58,"Books > Mystery, Thriller & Suspense > Thrillers & Suspense",James Patterson Maxine Paetro,1455585289,400,Grand Central Publishing ,English,4.2 x 1 x 7.5 inches,7.8 ounces,4
Something Wicked This Way Comes,10.99,"Books > Mystery, Thriller & Suspense > Thrillers & Suspense","Bradbury, Ray",1501167715,352,Simon & Schuster; Reprint edition ,English,5.5 x 0.9 x 8.4 inches,9.6 ounces,4
Stalking Jack the Ripper Hardcover ,10.96,Books > Teen & Young Adult > Science Fiction & Fantasy,Kerri Maniscalco,031627349X,336,jimmy patterson ,English,6.5 x 1 x 9.2 inches,14.1 ounces,4
Deep Freeze A Virgil Flowers Novel,13.0,"Books > Mystery, Thriller & Suspense > Thrillers & Suspense",John Sandford,399176063,400,G.P. Putnam's Sons; 1st Edition edition ,English,6.4 x 1.5 x 9.3 inches,1.3 pounds,4
A Dance with Dragons A Song of Ice and Fire,7.99,Books > Literature & Fiction > Action & Adventure,George R. R. Martin,553582011,1152,Bantam; Reprint edition ,English,4.2 x 1.8 x 6.9 inches,1 pounds,4
The Girl Before,10.77,"Books > Mystery, Thriller & Suspense > Thrillers & Suspense","DELANEY, JP",425285065,368,Ballantine Books; Reprint edition ,English,5.5 x 0.8 x 8.2 inches,10.2 ounces,4
Dark Disciple,8.99,Books > Literature & Fiction > Genre Fiction,"GOLDEN, CHRISTIE",1101884959,400,Del Rey; Reissue edition ,English,4.1 x 1 x 7.5 inches,12.6 ounces,4
"That Hideous Strength Space Trilogy, Book 3",13.89,Books > Christian Books & Bibles > Literature & Fiction,C.S. Lewis,743234928,384,Scribner; Reprint edition ,English,5.2 x 0.8 x 8 inches,4 ounces,4
"Dragons of Autumn Twilight Dragonlance Chronicles, Volume I",7.99,Books > Literature & Fiction > Action & Adventure,"Weis, Margaret Hickman, Tracy",786915749,448,Wizards of the Coast; Reissue edition ,English,4.2 x 1.2 x 6.9 inches,8 ounces,4
Order to Kill ,7.02,"Books > Mystery, Thriller & Suspense > Thrillers & Suspense",Vince Flynn Kyle Mills,1476783497,448,Pocket Books; Reprint edition ,English,4.1 x 0.9 x 7.5 inches,8.2 ounces,4
Different Seasons,12.39,"Books > Mystery, Thriller & Suspense > Thrillers & Suspense",Stephen King,1501143484,608,Scribner; Reprint edition ,English,5.5 x 1.5 x 8.4 inches,1.2 pounds,4
Edgedancer,10.06,Books > Literature & Fiction > Action & Adventure,Brandon Sanderson,1250166543,272,Tor Books; F First Edition edition ,English,4.6 x 1 x 7 inches,10.1 ounces,4
"Is It Wrong to Try to Pick Up Girls in a Dungeon?, Vol. 2 - light novel Is It Wrong to Pick Up Girls in a Dungeon?",14.0,Books > Literature & Fiction > World Literature,Fujino Omori,031644250X,256,Yen On ,English,5.5 x 0.6 x 8.2 inches,8.5 ounces,4
"Is It Wrong to Try to Pick Up Girls in a Dungeon?, Vol. 10 light novel",11.97,Books > Science Fiction & Fantasy > Fantasy,Fujino Omori,316442453,304,Yen On ,English,5.5 x 0.8 x 8.2 inches,10.7 ounces,4
The No. 1 Ladies' Detective Agency Book 1,9.24,Books > Literature & Fiction > Women's Fiction,"McCall Smith, Alexander",1400034779,235,Anchor ,English,5.2 x 0.7 x 8 inches,4.8 ounces,4
"TIME TO KILL, A",8.99,"Books > Mystery, Thriller & Suspense > Thrillers & Suspense","GRISHAM, JOHN",440245915,672,Dell ,English,4.2 x 1.5 x 7.5 inches,14.4 ounces,4
Consider Phlebas Culture,15.63,Books > Science Fiction & Fantasy > Science Fiction,Iain M. Banks,031600538X,544,Orbit ,English,5.5 x 1.5 x 8.4 inches,1.1 pounds,3
The Wrong Side of Goodbye A Harry Bosch Novel,6.82,"Books > Mystery, Thriller & Suspense > Thrillers & Suspense",Michael Connelly,1455524204,480,Vision; Reprint edition ,English,4.2 x 1.2 x 7.5 inches,9.1 ounces,4
The Time of Contempt The Witcher,13.47,Books > Literature & Fiction > Action & Adventure,Andrzej Sapkowski,316219134,352,Orbit; 1 edition ,English,5.5 x 1 x 8.2 inches,9.9 ounces,4
Nine Dragons A Harry Bosch Novel,9.99,"Books > Mystery, Thriller & Suspense > Thrillers & Suspense",Michael Connelly,446561959,480,Vision; Reprint edition ,English,4.2 x 1 x 7.5 inches,7.2 ounces,3
The Murder House Paperback ,9.2,"Books > Mystery, Thriller & Suspense > Thrillers & Suspense",James Patterson David Ellis,145558990X,480,Grand Central Publishing; Reprint edition ,English,5.2 x 1.2 x 8 inches,12.6 ounces,4
Written in My Own Heart's Blood (Outlander Volume 8) (Mass Market Paperback),8.48,Books > Literature & Fiction > Genre Fiction,Diana Gabaldon,110188424X,1152,Dell ,English,4.2 x 1.8 x 6.8 inches,13.6 ounces,4
"Alas, Babylon Paperback ",12.06,Books > Literature & Fiction > United States,Pat Frank,60741872,352,Harper Perennial Modern Classics; Reissue edition ,English,5.3 x 0.8 x 8 inches,9.6 ounces,4
Who Fears Death Mass Market Paperback ,7.99,Books > Literature & Fiction > Genre Fiction,Nnedi Okorafor,756407281,432,DAW; Reprint edition ,English,4.2 x 1.1 x 6.8 inches,7.2 ounces,4
Bad Luck and Trouble Jack Reacher,8.99,"Books > Mystery, Thriller & Suspense > Thrillers & Suspense","CHILD, LEE",440246016,512,Dell; Reprint edition ,English,4.2 x 1.2 x 7.6 inches,11.2 ounces,4
The Girl Who Played with Fire Millennium Series,7.99,"Books > Mystery, Thriller & Suspense > Thrillers & Suspense","Larsson, Stieg",307949508,752,Vintage Crime/Black Lizard; Reprint edition ,English,4.2 x 1.7 x 7.5 inches,14.4 ounces,4
Island of Glass Guardians Trilogy,12.1,Books > Literature & Fiction > United States,Nora Roberts,425280128,352,Berkley ,English,5.6 x 0.9 x 8.2 inches,12 ounces,4
The French Girl Hardcover ,17.1,"Books > Mystery, Thriller & Suspense > Thrillers & Suspense",Lexie Elliott,399586938,304,Berkley ,English,6.4 x 1 x 9.3 inches,1.1 pounds,3
The Girl in the Tower,16.66,Books > Literature & Fiction > Action & Adventure,"Arden, Katherine",1101885963,384,Del Rey ,English,6.3 x 1.2 x 9.4 inches,1.4 pounds,4
Down Among the Sticks and Bones Wayward Children,9.98,Books > Literature & Fiction > Genre Fiction,Seanan McGuire,765392038,192,Tor.com ,English,5.8 x 0.8 x 9 inches,9.9 ounces,4
Without Warning,7.52,"Books > Mystery, Thriller & Suspense > Thrillers & Suspense",Joel C. Rosenberg,1496423291,592,"Tyndale House Publishers, Inc.; Reprint edition ",English,3.8 x 1.4 x 7.3 inches,11.2 ounces,4
A Wanted Man Jack Reacher,7.88,"Books > Mystery, Thriller & Suspense > Thrillers & Suspense","CHILD, LEE",440246318,640,Dell; Reprint edition ,English,4.2 x 1.5 x 7.5 inches,11.7 ounces,4
Babylon's Ashes The Expanse,13.15,Books > Science Fiction & Fantasy > Science Fiction,James S. A. Corey,316217646,576,Orbit; Reprint edition ,English,6 x 1.5 x 9.2 inches,1.3 pounds,4
The Pillars of the Earth ,8.99,Books > Literature & Fiction > Genre Fiction,Ken Follett,451166892,1008,Penguin Books ,English,4.2 x 1.7 x 6.9 inches,1 pounds,4
The Inheritance Trilogy Paperback ,17.44,Books > Literature & Fiction > Action & Adventure,N. K. Jemisin,316334006,1472,Orbit; 1st Printing edition ,English,5.5 x 2.5 x 8.2 inches,2.8 pounds,4
Breaking Point Lucy Kincaid Novels,9.99,"Books > Mystery, Thriller & Suspense > Mystery","BRENNAN, ALLISON",1250164443,448,Minotaur Books ,English,4.5 x 1.2 x 7.6 inches,9.8 ounces,4
The Bad Daughter,17.7,Books > Literature & Fiction > Genre Fiction,"Fielding, Joy",399181520,368,Ballantine Books ,English,6.4 x 1.2 x 9.6 inches,1.3 pounds,3
Feversong,6.47,Books > Science Fiction & Fantasy > Fantasy,"MONING, KAREN MARIE",399593659,576,Dell; Reprint edition ,English,4.3 x 1.3 x 6.9 inches,10.2 ounces,4
Blood of Elves Mass Market Paperback ,8.99,Books > Literature & Fiction > Action & Adventure,Andrzej Sapkowski,031602919X,416,Orbit; 1 Original edition ,English,4.2 x 1.2 x 7 inches,6.4 ounces,4
Extreme Measures ,9.99,"Books > Mystery, Thriller & Suspense > Thrillers & Suspense",Vince Flynn,1416505040,544,Pocket Books; Reprint edition ,English,4.1 x 1.2 x 7.5 inches,11.2 ounces,4
"Naked in Death In Death, Book 1",7.99,"Books > Mystery, Thriller & Suspense > Mystery",J. D. Robb,425148297,320,Berkley ,English,4.2 x 0.8 x 6.8 inches,5.6 ounces,4
Off the Grid A Joe Pickett Novel,8.49,"Books > Mystery, Thriller & Suspense > Thrillers & Suspense",C. J. Box,399185488,400,G.P. Putnam's Sons ,English,4.2 x 1 x 7.5 inches,10.4 ounces,4
The Ender Quartet Boxed Set,20.54,Books > Science Fiction & Fantasy > Fantasy,"Card, Orson Scott",765362430,1760,Tor Science Fiction; Box edition ,English,4.3 x 4.5 x 6.9 inches,1.9 pounds,4
Quick & Dirty A Stone Barrington Novel,16.52,Books > Literature & Fiction > Action & Adventure,Stuart Woods,735217149,336,G.P. Putnam's Sons ,English,6.3 x 1.3 x 9.3 inches,1.2 pounds,4
Lee Child Jack Reacher Books 1-3 Mass Market Paperback ,21.93,"Books > Mystery, Thriller & Suspense > Thrillers & Suspense",Lee Child,515154113,nan,Berkley; Box edition ,English,4.4 x 3.6 x 7.6 inches,2 pounds,4
A Breath of Snow and Ashes (Outlander Volume 6) (Mass Market Paperback),9.42,Books > Literature & Fiction > Genre Fiction,Diana Gabaldon,440225809,1488,Dell; Mass Paperback Edition edition ,English,4.2 x 2.1 x 6.9 inches,1.3 pounds,4
The Hero of Ages,7.53,Books > Teen & Young Adult > Science Fiction & Fantasy,"Sanderson, Brandon",765377152,768,Tor Teen; Reprint edition ,English,5.4 x 1.4 x 8.2 inches,1.3 pounds,4
"Death March to the Parallel World Rhapsody, Vol. 4 light novel",11.97,Books > Comics & Graphic Novels > Manga,Hiro Ainana,316556092,228,Yen On ,English,5.5 x 0.6 x 8.4 inches,8.2 ounces,5
Death's Mistress,8.15,Books > Literature & Fiction > Action & Adventure,Terry Goodkind,765388235,656,Tor Fantasy; Reprint edition ,English,4.2 x 1.4 x 6.9 inches,8.5 ounces,4
With This Man A This Man Novel,12.74,Books > Literature & Fiction > Genre Fiction,Jodi Ellen Malpas,1538745194,496,Forever ,English,5.2 x 1.2 x 8 inches,13.4 ounces,nan
An Echo in the Bone (Outlander Volume 7) (Mass Market Paperback),9.5,Books > Literature & Fiction > Genre Fiction,Diana Gabaldon,440245680,1200,Dell; Reissue edition ,English,4.2 x 2 x 6.9 inches,1.2 pounds,4
"No Game No Life, Vol. 2 - light novel Paperback ",12.29,Books > Science Fiction & Fantasy > Fantasy,Yuu Kamiya,316385174,192,Yen On; Translation edition ,English,5.5 x 0.6 x 8.2 inches,7 ounces,4
Death Doesn't Bargain ,22.3,Books > Science Fiction & Fantasy > Fantasy,Sherrilyn Kenyon,765385716,384,Tor Books ,English,6.1 x 9.2 inches,1.7 pounds,nan
Dirk Gently's Holistic Detective Agency Paperback ,9.79,"Books > Mystery, Thriller & Suspense > Mystery",Douglas Adams,1476782997,272,Gallery Books; Reissue edition ,English,5.5 x 0.6 x 8.4 inches,8.5 ounces,4
The Deep Dark Descending Paperback ,9.79,"Books > Mystery, Thriller & Suspense > Thrillers & Suspense",Allen Eskens,1633883558,285,Seventh Street Books ,English,5.5 x 0.7 x 8.3 inches,5.6 ounces,4
Needful Things ,9.74,"Books > Mystery, Thriller & Suspense > Thrillers & Suspense",Stephen King,1501143786,960,Pocket Books; Reissue edition ,English,4.1 x 1.6 x 7.5 inches,13.6 ounces,4
Victoria ,15.85,Books > Arts & Photography > Decorative Arts & Design,Helen Rappaport,1250045479,432,St. Martin's Griffin; Reprint edition ,English,5.7 x 1.3 x 8.2 inches,14.4 ounces,4
A Lesson Before Dying Oprah's Book Club,8.27,Books > Literature & Fiction > Genre Fiction,"Gaines, Ernest J.",375702709,256,Vintage; 1 edition ,English,5.2 x 0.6 x 7.6 inches,8 ounces,4
The Eyes of the Dragon,13.89,Books > Literature & Fiction > Action & Adventure,Stephen King,1501192205,384,Gallery Books; Reprint edition ,English,5.3 x 1 x 8.2 inches,10.1 ounces,4
The Blade Itself The First Law,12.38,Books > Literature & Fiction > Genre Fiction,Joe Abercrombie,316387312,560,Orbit; Reprint edition ,English,6 x 1.5 x 9.2 inches,1.4 pounds,4
The Dark Horse ,13.18,"Books > Mystery, Thriller & Suspense > Mystery",Craig Johnson,143117319,368,Penguin Books; Reprint edition ,English,5.1 x 0.7 x 7.7 inches,7.2 ounces,4
Good Omens,7.19,Books > Literature & Fiction > Genre Fiction,"Gaiman, NeilPratchett, Terry",60853980,432,William Morrow; Reprint edition ,English,4.2 x 0.9 x 6.8 inches,6.4 ounces,4
Blood Fury ,16.9,Books > Science Fiction & Fantasy > Fantasy,J.R. Ward,451475348,432,Ballantine Books ,English,6.4 x 1.3 x 9.3 inches,1.4 pounds,4
Killing Floor Jack Reacher,7.67,"Books > Mystery, Thriller & Suspense > Thrillers & Suspense",Lee Child,515153656,576,Berkley; Reprint edition ,English,4.2 x 1.1 x 7.5 inches,10.6 ounces,4
The Murder of Roger Ackroyd,8.07,"Books > Mystery, Thriller & Suspense > Thrillers & Suspense","Christie, Agatha",62073567,304,William Morrow Paperbacks; Reprint edition ,English,5.3 x 0.7 x 8 inches,14.9 ounces,4
Red Dragon Paperback ,9.8,"Books > Mystery, Thriller & Suspense > Thrillers & Suspense","Harris, Thomas",425228223,464,Berkley; Reprint edition ,English,4.2 x 0.9 x 7.6 inches,8.8 ounces,4
Beyond Reason The Texas Trilogy,6.79,"Books > Mystery, Thriller & Suspense > Thrillers & Suspense",Kat Martin,1420143158,400,Zebra ,English,4.2 x 1.1 x 6.7 inches,6.4 ounces,4
Gray Mountain,8.54,"Books > Mystery, Thriller & Suspense > Thrillers & Suspense","Grisham, John",345543254,480,Dell; 2014 edition ,English,4.2 x 1.1 x 7.5 inches,11.2 ounces,3
Final Girls,12.78,"Books > Mystery, Thriller & Suspense > Thrillers & Suspense",Riley Sager,1101985380,352,Dutton; Reprint edition ,English,5.4 x 0.8 x 8.3 inches,9.6 ounces,4
The Magicians Trilogy Boxed Set ,33.45,Books > Science Fiction & Fantasy > Fantasy,Lev Grossman,147517389,1280,Penguin Books; Reprint edition ,English,5.7 x 3 x 8.6 inches,2.7 pounds,4
Behind Closed Doors,9.98,"Books > Mystery, Thriller & Suspense > Thrillers & Suspense","Paris, B. A.",1250132363,399,St. Martin's Griffin; Reprint edition ,English,5.5 x 0.9 x 8.3 inches,10.4 ounces,4
And Then There Were None Mass Market Paperback ,4.99,"Books > Mystery, Thriller & Suspense > Thrillers & Suspense","Christie, Agatha",62073486,300,William Morrow; Reissue edition ,English,4.2 x 0.8 x 6.8 inches,5.6 ounces,4
The Life We Bury Paperback ,13.14,"Books > Mystery, Thriller & Suspense > Thrillers & Suspense","Eskens, Allen",1616149981,303,Seventh Street Books; First Paperback Edition edition ,English,5.5 x 0.9 x 8.3 inches,9.6 ounces,4
A Column of Fire Kingsbridge,20.37,Books > Literature & Fiction > Genre Fiction,Ken Follett,052595497X,928,Viking; 1st Edition edition ,English,6.5 x 1.8 x 9.6 inches,2.7 pounds,4
Manhattan Beach ,17.43,Books > Literature & Fiction > Genre Fiction,Jennifer Egan,1476716730,448,Scribner; First Edition edition ,English,6 x 1.4 x 9 inches,1.3 pounds,3
The Catcher in the Rye Mass Market Paperback ,6.82,Books > Literature & Fiction > History & Criticism,J.D. Salinger,7543321726,240,"Little, Brown and Company ",English,4.2 x 0.8 x 6.8 inches,4.2 ounces,4
The Bishop's Pawn,20.28,"Books > Mystery, Thriller & Suspense > Thrillers & Suspense",Steve Berry,1250140226,352,Minotaur Books ,English,6.1 x 1.3 x 9.3 inches,1.2 pounds,3
The Last Wish,7.19,Books > Science Fiction & Fantasy > Fantasy,Andrzej Sapkowski,316029181,384,Orbit ,English,4.1 x 1 x 6.8 inches,6.1 ounces,4
Children of Time Paperback ,13.7,Books > Science Fiction & Fantasy > Science Fiction,Adrian Tchaikovsky,1447273303,600,Pan Macmillan; Reprint edition ,English,5 x 1.5 x 7.8 inches,14.9 ounces,4
The Crooked Staircase,19.22,Books > Literature & Fiction > Action & Adventure,"Koontz, Dean R.",052548342X,480,Bantam ,English,6.1 x 1.3 x 9.2 inches,1.8 pounds,nan
The Grave's a Fine and Private Place,17.68,"Books > Mystery, Thriller & Suspense > Mystery","Bradley, Alan",345539990,363,Delacorte Press ,English,5.2 x 1.2 x 7.8 inches,13.9 ounces,4
The Third Victim,21.42,"Books > Mystery, Thriller & Suspense > Mystery",Phillip Margolin,125011750X,320,Minotaur Books ,English,6.4 x 1.2 x 9.6 inches,1.1 pounds,4
Poison,20.63,"Books > Mystery, Thriller & Suspense > Thrillers & Suspense",John Lescroart,1501115707,304,Atria Books ,English,6 x 1.1 x 9 inches,1.1 pounds,4
Hardcore Twenty-Four ,16.83,Books > Literature & Fiction > United States,"Evanovich, Janet",399179194,285,G.P. Putnam's Sons; Collectible Edition edition ,English,6.5 x 1.1 x 9.6 inches,1.1 pounds,4
Norse Mythology Hardcover ,13.8,Books > Literature & Fiction > Literary,"Gaiman, Neil",039360909X,299,W. W. Norton & Company; First Edition edition ,English,5.8 x 1.1 x 8.6 inches,1 pounds,4
Ender's Game The Ender Quintet,6.09,Books > Science Fiction & Fantasy > Science Fiction,"CARD, ORSON SCOTT",812550706,352,Tor Science Fiction ,English,4.1 x 1 x 6.8 inches,5.6 ounces,3
Plum Tea Crazy A Tea Shop Mystery,17.1,"Books > Mystery, Thriller & Suspense > Mystery",Laura Childs,451489608,336,Berkley ,English,5.4 x 1.1 x 8.4 inches,14.1 ounces,4
Of Mice and Men Mass Market Paperback ,8.79,Books > Literature & Fiction > Genre Fiction,"STEINBECK, JOHN",140177396,112,Penguin Books; Reissue edition ,English,4.1 x 0.3 x 7.5 inches,2.1 ounces,4
Girl Last Seen,11.79,"Books > Mystery, Thriller & Suspense > Thrillers & Suspense",Nina Laurin,145556902X,352,Grand Central Publishing ,English,5.2 x 1 x 8.1 inches,8 ounces,3
Rules of Civility ,10.41,Books > Literature & Fiction > Genre Fiction,Amor Towles,143121162,368,Penguin Books; Reprint edition ,English,5.5 x 0.9 x 8.4 inches,12.8 ounces,4
Crazy Rich Asians Paperback ,12.0,Books > Literature & Fiction > Genre Fiction,"KWAN, KEVIN",345803787,544,Anchor; Reprint edition ,English,5.2 x 0.9 x 8 inches,11.2 ounces,4
A Piece of the World,14.88,Books > Literature & Fiction > Genre Fiction,"Kline, Christina Baker",62356275,352,William Morrow Paperbacks; Reprint edition ,English,5.3 x 0.8 x 8 inches,7 ounces,4
The Kite Runner Paperback ,11.9,Books > Literature & Fiction > Genre Fiction,Khaled Hosseini,159463193X,400,Riverhead Books; 1 edition ,English,5.1 x 1 x 8 inches,1.8 pounds,3
Fall from Grace,19.77,Books > Literature & Fiction > Genre Fiction,"Steel, Danielle",1101884002,368,Delacorte Press; First Edition edition ,English,6.3 x 1.1 x 9.5 inches,1.2 pounds,4
The Kitchen House,10.48,Books > Literature & Fiction > Genre Fiction,Kathleen Grissom,1439153663,384,Touchstone; 1st edition ,English,5.2 x 0.7 x 8 inches,12 ounces,4
The Fiery Cross (Outlander Volume 5) (Mass Market Paperback),8.18,Books > Literature & Fiction > Genre Fiction,Diana Gabaldon,440221668,1443,Dell; Outlander edition ,English,4.2 x 2 x 6.9 inches,1.4 pounds,4
The Silent Corner,20.91,Books > Literature & Fiction > Action & Adventure,"Koontz, Dean R.",345545990,464,Bantam; First Edition edition ,English,6.4 x 1.6 x 9.5 inches,1.6 pounds,4
Red Mars Mars Trilogy,7.88,Books > Science Fiction & Fantasy > Science Fiction,"Robinson, Kim Stanley",553560735,592,Spectra; Reprint edition ,English,4.2 x 1.3 x 6.9 inches,12 ounces,3
Abaddon's Gate The Expanse,14.84,Books > Science Fiction & Fantasy > Science Fiction,James S. A. Corey,316129070,576,Orbit; First Edition edition ,English,6 x 1.5 x 9.2 inches,1.6 pounds,4
William Shakespeare's Star Wars Hardcover ,11.99,Books > Literature & Fiction > Genre Fiction,"DOESCHER, IAN",1594746370,176,Quirk Books ,English,5.6 x 0.7 x 8.3 inches,10.6 ounces,4
Cross Justice Alex Cross,7.57,"Books > Mystery, Thriller & Suspense > Thrillers & Suspense",James Patterson,1455585130,528,Vision ,English,4.1 x 1.2 x 7.7 inches,9.1 ounces,4
Tom Clancy True Faith and Allegiance A Jack Ryan Novel,6.89,"Books > Mystery, Thriller & Suspense > Thrillers & Suspense",Mark Greaney,1101988835,736,Berkley; Reprint edition ,English,4.2 x 1.5 x 7.6 inches,11.2 ounces,4
The Whispering Room,17.63,Books > Literature & Fiction > Action & Adventure,"Koontz, Dean R.",345546806,528,Bantam ,English,6.3 x 1.7 x 9.6 inches,1.7 pounds,4
Night School,8.99,Books > Literature & Fiction > Action & Adventure,Lee Child,804178828,496,Dell; 1st Printing edition ,English,4.1 x 1.2 x 7.5 inches,9.3 ounces,4
A Darker Shade of Magic Collector's Edition,15.04,Books > Literature & Fiction > Action & Adventure,V. E. Schwab,765376466,432,Tor Books; Reprint edition ,English,5.5 x 1.1 x 8.2 inches,12.6 ounces,4
"Saga, Vol. 1 Paperback ",8.92,Books > Comics & Graphic Novels > Graphic Novels,"Staples, Fiona Vaughan, Brian K.",1607066017,160,Image Comics ,English,6.4 x 0.5 x 10.1 inches,2.4 pounds,4
"Dark Legacy Carpathian Novel, A",17.7,Books > Literature & Fiction > Genre Fiction,Christine Feehan,399583998,416,Berkley; First Edition edition ,English,6.2 x 1.3 x 9.3 inches,1.4 pounds,4
Junkyard Dogs ,13.14,"Books > Mystery, Thriller & Suspense > Mystery",Craig Johnson,143119532,352,Penguin Books; Reprint edition ,English,5.1 x 0.6 x 7.7 inches,8.5 ounces,4
Hell Is Empty ,12.62,"Books > Mystery, Thriller & Suspense > Mystery",Craig Johnson,143120980,352,Penguin Books; Reprint edition ,English,5.1 x 0.6 x 7.7 inches,8.8 ounces,4
The Man in the High Castle Paperback ,12.76,Books > Science Fiction & Fantasy > Science Fiction,Philip K. Dick,547572484,288,Mariner Books; Reissue edition ,English,5.3 x 0.7 x 8 inches,6.4 ounces,3
Past Perfect,12.26,Books > Literature & Fiction > Genre Fiction,"Steel, Danielle",1101883979,304,Delacorte Press; First Edition first Printing edition ,English,6.3 x 1 x 9.5 inches,1.1 pounds,3
Worth Dying For Jack Reacher,8.23,"Books > Mystery, Thriller & Suspense > Thrillers & Suspense","CHILD, LEE",440246296,544,Dell; Reprint edition ,English,4.2 x 1.3 x 7.5 inches,10.4 ounces,4
A Conjuring of Light,12.38,Books > Literature & Fiction > Action & Adventure,V. E. Schwab,765387476,640,Tor Books; Reprint edition ,English,5.5 x 1.7 x 8.2 inches,1.2 pounds,4
DC Super Heroes,22.14,"Books > Children's Books > Activities, Crafts & Games",Matthew Reinhart,316019984,12,"Little, Brown and Company; Pop edition ",English,8.4 x 3.2 x 10.5 inches,2.1 pounds,3
Fire Touched A Mercy Thompson Novel,7.19,Books > Literature & Fiction > Action & Adventure,Patricia Briggs,425256294,320,Ace; Reissue edition ,English,4.1 x 0.9 x 6.8 inches,5 ounces,4
Gone Tomorrow Jack Reacher,8.24,"Books > Mystery, Thriller & Suspense > Thrillers & Suspense","CHILD, LEE",440243688,576,Dell; Reprint edition ,English,4.1 x 1.3 x 7.5 inches,11.2 ounces,4
The Spy Who Came in from the Cold ,13.33,"Books > Mystery, Thriller & Suspense > Thrillers & Suspense",John le Carré,143124757,240,Penguin Books; Reprint edition ,English,5.5 x 0.6 x 8.2 inches,7.8 ounces,4
"SEVENTH PLAGUE, THE",8.78,Books > Literature & Fiction > Action & Adventure,"ROLLINS, JAMES",62381695,640,William Morrow; Reprint edition ,English,4.2 x 1.4 x 7.5 inches,12 ounces,4
The Demon Crown,15.94,Books > Literature & Fiction > Action & Adventure,"Rollins, James",62381733,464,William Morrow; First Edition edition ,English,6 x 1.4 x 9 inches,1.1 pounds,4
The Ocean at the End of the Lane,6.48,Books > Literature & Fiction > Genre Fiction,"Gaiman, Neil",62459368,256,William Morrow; Reissue edition ,English,4.2 x 0.6 x 6.8 inches,4.8 ounces,4
The Lost Plot The Invisible Library Novel,10.2,Books > Science Fiction & Fantasy > Fantasy,Genevieve Cogman,039958742X,384,Ace ,English,5.4 x 1 x 8.2 inches,10.9 ounces,4
"No Game No Life, Vol. 6 - light novel Paperback ",12.76,Books > Science Fiction & Fantasy > Fantasy,Yuu Kamiya,316385263,240,Yen On ,English,5.5 x 0.6 x 8.4 inches,7.8 ounces,4
Death Without Company ,12.84,"Books > Mystery, Thriller & Suspense > Mystery",Craig Johnson,143038389,320,Penguin Books; Reprint edition ,English,5 x 0.5 x 7.7 inches,8 ounces,4
The Hunt for Red October A Jack Ryan Novel,8.49,Books > Literature & Fiction > Action & Adventure,Tom Clancy,425240339,656,Berkley; Reprint edition ,English,4.3 x 1.3 x 7.6 inches,14.1 ounces,4
The Perfect Stranger,9.28,Books > Literature & Fiction > Genre Fiction,Megan Miranda,150110800X,368,Simon & Schuster; Reprint edition ,English,5.5 x 0.9 x 8.4 inches,10.4 ounces,4
The Sword of Shannara Trilogy Hardcover ,25.86,Books > Literature & Fiction > Action & Adventure,"Brooks, Terry",345453751,1200,Del Rey; 1st edition ,English,6.7 x 2.1 x 9.6 inches,3.6 pounds,3
Cibola Burn The Expanse,15.97,Books > Science Fiction & Fantasy > Science Fiction,James S. A. Corey,316334685,624,Orbit; Reprint edition ,English,6 x 1.6 x 9.2 inches,1.4 pounds,4
Heartbreak Hotel,9.92,"Books > Mystery, Thriller & Suspense > Thrillers & Suspense","KELLERMAN, JONATHAN",345541456,416,Ballantine Books; Reprint edition ,English,4.2 x 1 x 7.6 inches,7.7 ounces,4
Nothing to Lose Jack Reacher,8.99,"Books > Mystery, Thriller & Suspense > Thrillers & Suspense","CHILD, LEE",044024367X,560,Dell; Reprint edition ,English,4.2 x 1.4 x 7.5 inches,10.4 ounces,3
Count to Ten,15.99,"Books > Mystery, Thriller & Suspense > Thrillers & Suspense",James Patterson Ashwin Sanghi,1538759632,400,Grand Central Publishing; Reprint edition ,English,5.2 x 1.1 x 8 inches,11.2 ounces,3
CANTO BIGHT (STAR WARS),16.01,Books > Literature & Fiction > Genre Fiction,Saladin Ahmed Rae Carson John Jackson Miller,152479953X,320,Del Rey ,English,6.5 x 1.1 x 9.5 inches,1.2 pounds,3
Seven Stones to Stand or Fall,20.4,Books > Literature & Fiction > Genre Fiction,Diana Gabaldon,039959342X,544,Delacorte Press; First Edition edition ,English,6.5 x 1.6 x 9.5 inches,1.8 pounds,4
Collision Point ,7.99,Books > Literature & Fiction > United States,Lora Leigh,1250110327,350,St. Martin's Paperbacks ,English,4.4 x 0.9 x 6.9 inches,5.6 ounces,4
Tom Clancy Power and Empire A Jack Ryan Novel,16.76,"Books > Mystery, Thriller & Suspense > Thrillers & Suspense","CAMERON, MARC",735215898,592,G.P. Putnam's Sons; First Edition edition ,English,6.2 x 1.8 x 9.3 inches,1.8 pounds,4
The Silent Corner,9.99,Books > Literature & Fiction > Action & Adventure,"KOONTZ, DEAN",345546792,576,Bantam; Reprint edition ,English,4.2 x 1.2 x 7.5 inches,10.7 ounces,4
Horus Rising The Horus Heresy,9.94,Books > Science Fiction & Fantasy > Science Fiction,Dan Abnett,1849707448,416,Games Workshop; Reprint edition ,English,4.2 x 1.2 x 6.7 inches,7 ounces,4
HALO,9.4,Books > Science Fiction & Fantasy > Science Fiction,Kelly Gay,1501155407,176,Gallery Books; Reprint edition ,English,5.3 x 0.5 x 8.2 inches,4.8 ounces,4
"Night Shift A Novel of Midnight, Texas",8.18,"Books > Mystery, Thriller & Suspense > Mystery",Charlaine Harris,425263231,400,Ace ,English,4.2 x 1 x 7.5 inches,8.8 ounces,4
An Echo of Things to Come The Licanius Trilogy,19.89,Books > Literature & Fiction > World Literature,James Islington,316274119,752,Orbit; 1 edition ,English,6.5 x 2.2 x 9.5 inches,2.4 pounds,4
"Is It Wrong to Try to Pick Up Girls in a Dungeon?, Vol. 9 light novel",11.97,Books > Teen & Young Adult > Literature & Fiction,Fujino Omori,316562645,272,Yen On ,English,5.5 x 0.8 x 8.2 inches,11.2 ounces,4
Raven Black,11.13,"Books > Mystery, Thriller & Suspense > Thrillers & Suspense",Ann Cleeves,312359675,384,Minotaur Books; 1st edition ,English,5.6 x 1 x 8.1 inches,1.2 pounds,4
American Assassin ,11.38,"Books > Mystery, Thriller & Suspense > Thrillers & Suspense",Vince Flynn,1501180495,544,Atria/Emily Bestler Books; Media Tie-In edition ,English,5.3 x 1.3 x 8.2 inches,13.8 ounces,4
Turbo Twenty-Three,6.44,Books > Literature & Fiction > United States,"EVANOVICH, JANET",345543017,352,Bantam; Reissue edition ,English,4.2 x 0.9 x 6.9 inches,5.6 ounces,4
your name. light novel,16.71,Books > Science Fiction & Fantasy > Fantasy,Makoto Shinkai,316471860,192,Yen On ,English,5.5 x 0.8 x 8 inches,8.8 ounces,4
Top Secret Twenty-One,8.76,Books > Literature & Fiction > United States,Janet Evanovich,345542932,352,Bantam; Reprint edition ,English,4.2 x 1 x 6.9 inches,7 ounces,4
The Banks Sisters Mass Market Paperback ,6.61,Books > Literature & Fiction > United States,"TURNER, NIKKI",1622869478,432,Urban Books ,English,4.2 x 1.2 x 6.8 inches,8.8 ounces,3
The North Water,10.32,"Books > Mystery, Thriller & Suspense > Thrillers & Suspense",Ian McGuire,125011814X,272,Picador; Reprint edition ,English,5.5 x 0.7 x 8.3 inches,8.8 ounces,4
Re,11.97,Books > Teen & Young Adult > Science Fiction & Fantasy,Tappei Nagatsuki,316315303,240,Yen On ,English,5.5 x 0.8 x 8.5 inches,9.1 ounces,4
Silence Fallen A Mercy Thompson Novel,7.99,Books > Literature & Fiction > Action & Adventure,Patricia Briggs,425281280,352,Ace; Reprint edition ,English,4.2 x 0.9 x 6.8 inches,5.8 ounces,4
"No Game No Life, Vol. 3 - light novel Paperback ",12.29,Books > Science Fiction & Fantasy > Fantasy,Yuu Kamiya,316385190,208,Yen On ,English,5.5 x 0.6 x 8.4 inches,7.8 ounces,4
"Heir of Novron, Vol. 3Riyria Revelations",14.46,Books > Literature & Fiction > Action & Adventure,Michael J. Sullivan,316187712,960,Orbit; 1 edition ,English,5.5 x 1.8 x 8.2 inches,1.8 pounds,4
Thrice the Brinded Cat Hath Mew'd,11.0,"Books > Mystery, Thriller & Suspense > Mystery","Bradley, Alan",345539974,368,Bantam; Reprint edition ,English,5.1 x 0.8 x 7.9 inches,9.8 ounces,4
True Believer Mass Market Paperback ,6.39,Books > Literature & Fiction > Genre Fiction,Nicholas Sparks,446618152,480,Grand Central Publishing; Reissue edition ,English,4.1 x 1 x 6.8 inches,4 ounces,4
The Charm School Paperback ,10.87,"Books > Mystery, Thriller & Suspense > Thrillers & Suspense",Nelson DeMille,1538744287,800,Grand Central Publishing; Reissue edition ,English,5.2 x 2.2 x 8 inches,1.4 pounds,4
Sojourn,7.19,Books > Literature & Fiction > Action & Adventure,"Salvatore, R. A.",786940077,346,Wizards of the Coast; 1st edition ,English,4.2 x 0.9 x 6.9 inches,6.4 ounces,4
I'm Thinking of Ending Things,8.24,"Books > Mystery, Thriller & Suspense > Thrillers & Suspense",Iain Reid,1501126946,240,Gallery/Scout Press; Reprint edition ,English,5.5 x 0.6 x 8.4 inches,5.6 ounces,3
Manhunt,4.99,"Books > Mystery, Thriller & Suspense > Thrillers & Suspense",James Patterson James O. Born,316473499,144,BookShots ,English,5 x 0.5 x 7 inches,3.5 ounces,4
Doctor Sleep,6.11,Books > Literature & Fiction > Genre Fiction,Stephen King,1451698860,672,Pocket Books; Reprint edition ,English,4.1 x 1.4 x 7.5 inches,10.4 ounces,4
Warheart,9.4,Books > Literature & Fiction > Action & Adventure,Terry Goodkind,765383098,480,Tor Fantasy ,English,4.3 x 1.3 x 6.8 inches,8 ounces,4
Our Souls at Night Vintage Contemporaries,10.2,Books > Literature & Fiction > Genre Fiction,"HARUF, KENT",1101911921,192,Vintage; Reprint edition ,English,5.2 x 0.5 x 8 inches,6.4 ounces,4
The Fate of the Tearling,15.07,Books > Science Fiction & Fantasy > Fantasy,"Johansen, Erika",62290444,496,Harper Paperbacks; Reprint edition ,English,5.3 x 1.1 x 8 inches,12.8 ounces,3
One Year After ,6.98,Books > Science Fiction & Fantasy > Science Fiction,William R. Forstchen,765376717,448,Forge Books; Reprint edition ,English,4.3 x 1.2 x 7.5 inches,9.1 ounces,4
Caliban's War The Expanse,11.55,Books > Science Fiction & Fantasy > Science Fiction,James S. A. Corey,9.78E+12,624,Orbit; First Edition edition ,English,6 x 1.6 x 9.2 inches,1.6 pounds,4
Heart-Shaped Box Paperback ,10.82,Books > Literature & Fiction > Genre Fiction,"Hill, Joe",61944890,400,William Morrow Paperbacks ,English,5.3 x 0.9 x 8 inches,8.8 ounces,4
Hope to Die Alex Cross,10.62,"Books > Mystery, Thriller & Suspense > Thrillers & Suspense",James Patterson,1455515833,416,Vision ,English,4.2 x 1.2 x 7.5 inches,6.4 ounces,4
The Dark Tower III ,9.99,Books > Literature & Fiction > Genre Fiction,Stephen King,1501161822,720,Pocket Books ,English,4.1 x 1 x 7.5 inches,14.1 ounces,4
A Gathering of Secrets,26.99,"Books > Mystery, Thriller & Suspense > Mystery",Linda Castillo,1250121310,320,Minotaur Books ,English,6.1 x 9.2 inches,1.7 pounds,nan
Before They Are Hanged The First Law,13.87,Books > Literature & Fiction > Genre Fiction,Joe Abercrombie,316387355,560,Orbit ,English,6 x 1.5 x 9.2 inches,1.4 pounds,4
The One Man,6.98,Books > Literature & Fiction > World Literature,Andrew Gross,1250079527,496,St. Martin's Paperbacks ,English,4.2 x 1 x 7.5 inches,9.1 ounces,4
House of Secrets,6.77,Books > Literature & Fiction > Genre Fiction,V.C. Andrews,1501162500,400,Pocket Books ,English,4.1 x 1 x 6.8 inches,4.2 ounces,1
14th Deadly Sin Women's Murder Club,6.82,"Books > Mystery, Thriller & Suspense > Thrillers & Suspense",James Patterson Maxine Paetro,1455584983,336,Vision ,English,4.2 x 0.9 x 7.5 inches,7 ounces,4
One Second After A John Matherson Novel,9.98,Books > Science Fiction & Fantasy > Science Fiction,William R. Forstchen,765327252,352,Forge Books; 1 edition ,English,5.8 x 1 x 9.2 inches,12 ounces,4
The Return of the King ,11.64,Books > Science Fiction & Fantasy > Fantasy,J.R.R. Tolkien,054792819X,432,Mariner Books; Reissue edition ,English,5.5 x 1 x 8.2 inches,14.4 ounces,4
Red Seas Under Red Skies Gentleman Bastards,8.09,Books > Literature & Fiction > Action & Adventure,"Lynch, Scott",553588958,760,Bantam Spectra; Reissue edition ,English,4.2 x 1.2 x 6.9 inches,13.6 ounces,4
The Running Man,8.89,"Books > Mystery, Thriller & Suspense > Thrillers & Suspense",Stephen King,1501143859,416,Pocket Books; Reissue edition ,English,4.1 x 0.9 x 7.5 inches,8 ounces,4
"The Well of Ascension Mistborn, Book 2",6.88,Books > Literature & Fiction > Action & Adventure,Brandon Sanderson,765356139,816,Tor Fantasy; Reprint edition ,English,4.1 x 1.3 x 6.8 inches,15.2 ounces,4
Nemesis Games The Expanse,14.06,Books > Science Fiction & Fantasy > Science Fiction,James S. A. Corey,316334715,576,Orbit; Reprint edition ,English,6 x 1.5 x 9.2 inches,1.4 pounds,4
Deadhouse Gates,8.98,Books > Literature & Fiction > Action & Adventure,Steven Erikson,765348799,864,Tor Fantasy; 1st edition ,English,4.2 x 1.4 x 6.8 inches,1.9 pounds,4
Kenobi,7.99,Books > Literature & Fiction > Action & Adventure,"MILLER, JOHN JACKSON",345546849,464,Del Rey ,English,4.2 x 1 x 6.9 inches,7.8 ounces,4
Mind Game,21.68,"Books > Mystery, Thriller & Suspense > Mystery",Iris Johansen,1250075858,384,St. Martin's Press; 1st edition ,English,6.4 x 1.3 x 9.6 inches,1.3 pounds,4
The Library at Mount Char Paperback ,13.36,Books > Literature & Fiction > Genre Fiction,"Hawkins, Scott",553418629,400,Broadway Books; Reprint edition ,English,5.2 x 0.9 x 8 inches,11.2 ounces,4
The Murder at the Vicarage Miss Marple Mysteries,8.98,Books > Literature & Fiction > Genre Fiction,"Christie, Agatha",62073605,304,William Morrow Paperbacks; Reprint edition ,English,5.3 x 0.7 x 8 inches,8 ounces,4
Jack & Jill Alex Cross,8.0,"Books > Mystery, Thriller & Suspense > Mystery",James Patterson,446604801,480,Vision; Reissue edition ,English,4.2 x 1.2 x 6.8 inches,8.8 ounces,4
"Day Shift A Novel of Midnight, Texas",8.99,Books > Literature & Fiction > Action & Adventure,Charlaine Harris,425263207,400,Ace ,English,4.2 x 1 x 7.5 inches,7.2 ounces,4
William Shakespeare's Star Wars Trilogy,28.91,Books > Science Fiction & Fantasy > Science Fiction,"Doescher, Ian",1594747911,520,Quirk Books; Media Tie In edition ,English,6 x 2.5 x 8.6 inches,2.4 pounds,4
"Dead Beat The Dresden Files, Book 7",8.01,"Books > Mystery, Thriller & Suspense > Mystery",Jim Butcher,045146091X,528,Roc; English Language edition ,English,7.4 x 4.3 x 1.2 inches,8.8 ounces,4
Odd Thomas,9.64,Books > Literature & Fiction > Genre Fiction,"KOONTZ, DEAN",9.78E+12,480,Bantam; Reprint edition ,English,4.2 x 1.1 x 7.5 inches,6.4 ounces,4
Echo Park A Harry Bosch Novel,9.94,"Books > Mystery, Thriller & Suspense > Thrillers & Suspense",Michael Connelly,1455550728,448,Grand Central Publishing; Reissue edition ,English,4.2 x 1.2 x 7.5 inches,8.8 ounces,4
Star Wars,7.99,Books > Literature & Fiction > Action & Adventure,"KEMP, PAUL S.",345511395,352,Del Rey; Reprint edition ,English,4.2 x 1 x 6.9 inches,5.6 ounces,4
"""C"" Is for Corpse",9.35,"Books > Mystery, Thriller & Suspense > Mystery",Sue Grafton,312939019,320,St. Martin's Paperbacks; Reprint edition ,English,4.4 x 0.9 x 6.9 inches,4 ounces,4
Three Plums In One,18.19,"Books > Mystery, Thriller & Suspense > Mystery",Janet Evanovich,743216393,800,Scribner ,English,6.1 x 2.1 x 9.2 inches,2.2 pounds,4
"Wizard's First Rule Sword of Truth, Book 1",5.63,Books > Literature & Fiction > Action & Adventure,"GOODKIND, TERRY",812548051,848,Tor Books ,English,4.3 x 1.8 x 6.8 inches,14.4 ounces,4
"Memories of Ice The Malazan Book of the Fallen, Book 3",8.98,Books > Literature & Fiction > Action & Adventure,"Erikson, Steven",765348802,925,Tor Fantasy ,English,4.1 x 1.5 x 6.8 inches,14.9 ounces,4
The Fall of Hyperion Mass Market Paperback ,7.19,Books > Science Fiction & Fantasy > Fantasy,"Simmons, Dan",553288202,528,Spectra ,English,4.2 x 1.1 x 6.8 inches,8.8 ounces,4
Digital Fortress,8.3,"Books > Mystery, Thriller & Suspense > Thrillers & Suspense",Dan Brown,312944926,544,St. Martin's Paperbacks ,English,4.4 x 1.4 x 7.6 inches,12 ounces,4
Every Last Lie,14.84,"Books > Mystery, Thriller & Suspense > Thrillers & Suspense","KUBICA, MARY",778319989,336,Park Row Books ,English,6.4 x 1.2 x 9.5 inches,1.1 pounds,3
"Is It Wrong to Try to Pick Up Girls in a Dungeon?, Vol. 8 - light novel Is It Wrong to Pick Up Girls in a Dungeon?",11.97,Books > Science Fiction & Fantasy > Fantasy,Fujino Omori,316394181,400,Yen On; Translation edition ,English,5.5 x 1 x 8.2 inches,13.4 ounces,4
Chaos,7.48,"Books > Mystery, Thriller & Suspense > Thrillers & Suspense","CORNWELL, PATRICIA",62436708,480,William Morrow; Reprint edition ,English,4.2 x 1.1 x 7.5 inches,9.6 ounces,3
A Red Herring Without Mustard,14.35,"Books > Mystery, Thriller & Suspense > Thrillers & Suspense","Bradley, Alan",385343469,432,Bantam; Flavia de Luce Mysteries edition ,English,5.2 x 0.9 x 8 inches,10.4 ounces,4
Judgment Road Torpedo Ink,5.98,Books > Literature & Fiction > Women's Fiction,"FEEHAN, CHRISTINE",451488512,464,Berkley ,English,4.2 x 1.2 x 6.8 inches,7.8 ounces,4
"DEEPER LOVE INSIDE, A-AA",12.39,Books > Literature & Fiction > United States,Sister Souljah,1439165327,432,Atria/Emily Bestler Books; Reprint edition ,English,5.3 x 1.2 x 8.2 inches,12 ounces,4
Heretics of Dune Mass Market Paperback ,8.78,Books > Science Fiction & Fantasy > Fantasy,Frank Herbert,441328008,480,Ace ,English,4.1 x 1.1 x 6.9 inches,7 ounces,4
The Daughter of Time Paperback ,12.9,"Books > Mystery, Thriller & Suspense > Thrillers & Suspense",Josephine Tey,684803860,208,Scribner; Reprint edition ,English,5.2 x 0.5 x 8 inches,4.8 ounces,4
The City of Brass,15.39,Books > Literature & Fiction > Genre Fiction,"Chakraborty, S. A.",62678108,544,Harper Voyager ,English,6 x 1.3 x 9 inches,1.5 pounds,4
Karolina's Twins ,13.25,Books > Literature & Fiction > Genre Fiction,Ronald H. Balson,1250089042,320,St. Martin's Griffin; Reprint edition ,English,5.5 x 0.8 x 8.2 inches,1 pounds,4
Out of the Silent Planet Space Trilogy Paperback,10.48,Books > Science Fiction & Fantasy > Fantasy,C.S. Lewis,743234901,160,Scribner ,English,5.2 x 0.3 x 8 inches,8 ounces,4
Nora Roberts Sign of Seven Trilogy Box Set Mass Market Paperback ,19.09,Books > Romance > Paranormal,"Roberts, Nora",515146013,1,Berkley; Box Slp edition ,English,4.2 x 2.8 x 6.8 inches,1.2 pounds,4
The Ladies of Ivy Cottage Tales from Ivy Hill,8.91,Books > Christian Books & Bibles > Literature & Fiction,"Klassen, Julie",764218158,448,Bethany House Publishers ,English,5.5 x 1.1 x 8.3 inches,7.7 ounces,2
"Iron Kissed Mercy Thompson, Book 3",7.99,Books > Literature & Fiction > Action & Adventure,Patricia Briggs,441015662,304,Ace ,English,4.2 x 0.8 x 6.8 inches,5.6 ounces,4
A Turn in the Road A Blossom Street Novel,7.62,Books > Christian Books & Bibles > Literature & Fiction,Debbie Macomber,778330419,384,MIRA; Reprint edition ,English,4.1 x 1 x 6.6 inches,1 pounds,4
Leopard's Blood A Leopard Novel,4.71,Books > Science Fiction & Fantasy > Fantasy,Christine Feehan,399583971,416,Berkley ,English,4.2 x 1.1 x 6.8 inches,7 ounces,4
"Hunting Ground Alpha & Omega, Book 2",7.99,Books > Science Fiction & Fantasy > Fantasy,Patricia Briggs,044101738X,320,Ace ,English,4.2 x 0.8 x 6.8 inches,4.8 ounces,4
Marry Me By Sundown Hardcover ,18.63,Books > Literature & Fiction > United States,Johanna Lindsey,1501162233,384,Gallery Books ,English,nan,1.7 pounds,nan
My Sweet Audrina Paperback ,8.98,Books > Teen & Young Adult > Literature & Fiction,V.C. Andrews,1442420189,560,Simon Pulse; 1st Edition edition ,English,5.5 x 1.2 x 8.2 inches,14.1 ounces,4
Scarlett,14.99,Books > Literature & Fiction > Genre Fiction,Alexandra Ripley,446502375,832,Grand Central Publishing ,English,5.4 x 1.5 x 8.1 inches,1.5 pounds,4
This Man A This Man Novel,13.06,Books > Literature & Fiction > Genre Fiction,Jodi Ellen Malpas,1455578312,480,Forever ,English,5.2 x 1.2 x 8 inches,13.6 ounces,4
Thursdays at Eight,4.78,Books > Literature & Fiction > Genre Fiction,Debbie Macomber,778330443,384,MIRA ,English,4.2 x 1 x 6.6 inches,6.4 ounces,4
Jane Eyre Bantam Classics,2.86,Books > Literature & Fiction > Classics,"Bronte, Charlotte",553211404,493,Bantam Classics ,English,4.2 x 0.8 x 6.9 inches,8.8 ounces,4
At First Sight Mass Market Paperback ,8.11,Books > Literature & Fiction > Genre Fiction,Nicholas Sparks,1455545384,368,Grand Central Publishing; Reissue edition ,English,4.2 x 1 x 6.8 inches,6.4 ounces,4
Shattered Memories The Mirror Sisters Series,7.19,Books > Literature & Fiction > Genre Fiction,V.C. Andrews,1476792380,432,Pocket Books; Reissue edition ,English,4.1 x 1 x 6.8 inches,7 ounces,4
Shadows in the Night The Finnegan Connection,4.31,"Books > Mystery, Thriller & Suspense > Thrillers & Suspense","Graham, Heather",1335721312,256,Harlequin Intrigue ,English,4.2 x 0.6 x 6.6 inches,4.3 ounces,4
Explosive Eighteen Stephanie Plum,8.7,Books > Literature & Fiction > United States,Janet Evanovich,345527739,352,Bantam; Reprint edition ,English,4.2 x 1 x 6.9 inches,4 ounces,4
Dreamfever,7.19,Books > Science Fiction & Fantasy > Fantasy,"Moning, Karen Marie",440244404,512,Dell; Reissue edition ,English,4.1 x 1.2 x 6.8 inches,8.8 ounces,4
"Guilty Pleasures Anita Blake, Vampire Hunter",7.19,Books > Literature & Fiction > Genre Fiction,Laurell K. Hamilton,051513449X,272,Berkley ,English,4.2 x 1 x 6.8 inches,6.4 ounces,4
The View from Rainshadow Bay A Lavender Tides Novel,10.87,Books > Christian Books & Bibles > Literature & Fiction,"Coble, Colleen",718085760,336,Thomas Nelson ,English,5.5 x 0.9 x 8.4 inches,10.9 ounces,4
"Silver Borne Mercy Thompson, Book 5",7.99,Books > Literature & Fiction > Action & Adventure,Patricia Briggs,044101996X,304,Ace; Reprint edition ,English,4.2 x 0.8 x 6.7 inches,4.2 ounces,4
The Next Always The Inn Boonsboro Trilogy,6.19,Books > Literature & Fiction > Women's Fiction,Nora Roberts,515151491,336,Berkley; Reprint edition ,English,4.2 x 0.9 x 6.8 inches,5.6 ounces,4
As You Wish A Summerhouse Novel,16.88,Books > Literature & Fiction > Women's Fiction,"Deveraux, Jude",778307611,416,MIRA ,English,6.1 x 1.4 x 9.2 inches,1.2 pounds,4
Beautiful Tempest ,6.77,Books > Literature & Fiction > United States,Johanna Lindsey,1501162217,448,Pocket Books ,English,4.1 x 1 x 6.8 inches,5.6 ounces,4
Feverborn,7.19,Books > Science Fiction & Fantasy > Fantasy,"Moning, Karen Marie",440246431,464,Dell; Reprint edition ,English,4.2 x 1 x 6.9 inches,11.4 ounces,4
Bound Together A Sea Haven Novel,7.51,Books > Literature & Fiction > Women's Fiction,Christine Feehan,399583939,416,Berkley ,English,4.2 x 1 x 6.8 inches,14.1 ounces,4
Montana Heat,7.99,Books > Literature & Fiction > United States,"RYAN, JENNIFER",62645285,384,Avon ,English,4.2 x 1 x 6.6 inches,11.7 ounces,4
The Garden of Small Beginnings Paperback ,10.6,Books > Literature & Fiction > Genre Fiction,Abbi Waxman,399583580,368,Berkley ,English,5.3 x 0.9 x 8 inches,8 ounces,4
This Man Confessed A This Man Novel,14.21,Books > Literature & Fiction > Genre Fiction,Jodi Ellen Malpas,1455578363,544,Forever; Reprint edition ,English,5.2 x 1.5 x 8 inches,15.2 ounces,4
Rushing Waters,8.76,Books > Literature & Fiction > Genre Fiction,"STEEL, DANIELLE",042528543X,384,Dell; Reprint edition ,English,4.2 x 1 x 6.9 inches,13.4 ounces,4
One Day at a Time,5.99,Books > Literature & Fiction > Genre Fiction,"Steel, Danielle",440243335,416,Dell; Reprint edition ,English,4.2 x 1.1 x 6.9 inches,2.4 ounces,4
Sweetbriar Cottage Paperback ,8.79,Books > Christian Books & Bibles > Literature & Fiction,"Hunter, Denise",718090489,320,Thomas Nelson ,English,5.4 x 0.8 x 8.3 inches,9.6 ounces,4
Dead in the Family Sookie Stackhouse/True Blood,5.99,"Books > Mystery, Thriller & Suspense > Mystery",Charlaine Harris,1402217080,368,Ace; Reprint edition ,English,4.1 x 1 x 6.8 inches,6.4 ounces,3
Taking Catie The Temptation Saga,10.19,Books > Literature & Fiction > United States,"Hardt, Helen",1943893284,222,Waterhouse Press ,English,5.3 x 0.6 x 8 inches,10.4 ounces,4
Fifty Shades Trilogy,38.83,Books > Literature & Fiction > Women's Fiction,"JAMES, E L",525563334,1680,Vintage; Media Tie In edition ,English,5.2 x 3 x 9 inches,2.6 pounds,5
Notorious Nineteen,6.71,Books > Literature & Fiction > United States,Janet Evanovich,345527763,320,Bantam ,English,4.2 x 0.8 x 6.9 inches,5.6 ounces,4
When We Meet,6.52,Books > Romance > Contemporary,"ROBERTS, NORA",373282494,480,Silhouette; Combined edition ,English,4.1 x 1.2 x 6.6 inches,7.7 ounces,4
Misadventures of a Good Wife Misadventures Series,9.99,Books > Literature & Fiction > United States,"Hardt, Helen Wild, Meredith",1943893462,205,Waterhouse Press ,English,6 x 1 x 8.2 inches,10.6 ounces,4
Frost Burned Mercy Thompson,7.99,Books > Literature & Fiction > Action & Adventure,Patricia Briggs,044102002X,320,Ace; Reprint edition ,English,4.2 x 0.8 x 6.8 inches,9.9 ounces,4
The Complete Novels of Jane Austen Knickerbocker Classics,25.78,Books > Literature & Fiction > World Literature,"Austen, Jane",193799418X,1232,Race Point Publishing; First edition ,English,6.8 x 2.8 x 10 inches,4.8 pounds,4
Takedown Twenty Stephanie Plum,7.19,Books > Literature & Fiction > United States,Janet Evanovich,345542894,352,Bantam; Reissue edition ,English,4.1 x 0.9 x 6.8 inches,6.4 ounces,4
If Not for You,7.8,Books > Literature & Fiction > Genre Fiction,"MACOMBER, DEBBIE",553391984,448,Ballantine Books; Reprint edition ,English,4.3 x 1.2 x 6.9 inches,8 ounces,4
Hidden Heart,5.98,Books > Romance > Contemporary,"ROBERTS, NORA",037328246X,400,Silhouette ,English,4.1 x 1 x 6.6 inches,12.8 ounces,4
Me Before You and After You Boxed Set Paperback ,24.55,Books > Literature & Fiction > Women's Fiction,Jojo Moyes,143131001,800,Penguin Books; Reprint edition ,English,5.6 x 1.9 x 8.6 inches,1.8 pounds,4
My Everything,5.38,Books > Romance > Contemporary,"McLaughlin, Heidi",615788084,88,Heidi McLaughlin ,English,6 x 0.2 x 9 inches,6.4 ounces,4
Night Broken A Mercy Thompson Novel,7.99,Books > Literature & Fiction > Action & Adventure,Patricia Briggs,425256278,304,Ace; Reprint edition ,English,4.2 x 0.8 x 6.8 inches,5.6 ounces,4
Dead Heat Alpha and Omega,7.49,Books > Science Fiction & Fantasy > Fantasy,"BRIGGS, PATRICIA",425256286,336,Ace; Reissue edition ,English,4.1 x 0.8 x 6.8 inches,5.6 ounces,4
An Engagement in Seattle,5.98,Books > Literature & Fiction > United States,"MACOMBER, DEBBIE",778331113,464,MIRA ,English,4.1 x 1.2 x 6.6 inches,7.7 ounces,4
My Kind of Forever The Beaumont Series,12.59,Books > Romance > Contemporary,"McLaughlin, Heidi",990678849,352,Heidi McLaughlin ,English,5 x 0.8 x 8 inches,1 pounds,4
Curious Minds,6.7,Books > Literature & Fiction > United States,Janet Evanovich Phoef Sutton,553392700,336,Bantam; Reprint edition ,English,4.3 x 0.9 x 6.9 inches,7 ounces,4
Apprentice in Death Mass Market Paperback ,6.79,"Books > Mystery, Thriller & Suspense > Mystery",J. D. Robb,1101987995,352,Berkley; Reprint edition ,English,4.2 x 0.9 x 6.8 inches,5.6 ounces,4
Blood Magick The Cousins O'Dwyer Trilogy,5.98,Books > Literature & Fiction > United States,Nora Roberts,515152919,336,Berkley; Reprint edition ,English,4.2 x 0.9 x 6.8 inches,1.8 ounces,4
Shadow Spell The Cousins O'Dwyer Trilogy,7.39,Books > Literature & Fiction > United States,Nora Roberts,515152900,336,Berkley; Reprint edition ,English,4.2 x 0.8 x 6.8 inches,5.6 ounces,4
"Bone Crossed Mercy Thompson, Book 4",6.8,Books > Literature & Fiction > Action & Adventure,Patricia Briggs,044101836X,304,Ace; Reprint edition ,English,4.2 x 0.9 x 6.7 inches,5 ounces,4
Sylvia Day Crossfire Series 4-Volume Boxed Set ,42.48,Books > Literature & Fiction > Erotica,Sylvia Day,425282333,1,Berkley; Box edition ,English,5.5 x 3.8 x 8.4 inches,2.8 pounds,4
Shadow Reaper A Shadow Riders Novel,5.39,Books > Literature & Fiction > United States,Christine Feehan,399583955,400,Berkley; Original edition ,English,4.2 x 1.1 x 6.8 inches,6.4 ounces,4
Fairytale,16.33,Books > Literature & Fiction > Genre Fiction,"Steel, Danielle",1101884061,288,Delacorte Press ,English,6.3 x 1.1 x 9.6 inches,1.2 pounds,4
Misadventures on the Night Shift Misadventures Series,9.33,Books > Literature & Fiction > United States,"Rowe, Lauren",1943893438,280,Waterhouse Press ,English,5.5 x 0.8 x 8 inches,13.6 ounces,4
His Secret Son The Westmoreland Legacy,3.21,Books > Literature & Fiction > United States,"Jackson, Brenda",373838840,224,Harlequin Desire ,English,4.1 x 0.6 x 6.6 inches,3.8 ounces,4
Misadventures of a College Girl Misadventures Series,11.69,Books > Literature & Fiction > United States,"Rowe, Lauren",1947222996,280,Waterhouse Press ,English,5.2 x 0.8 x 8 inches,9.4 ounces,4
HALO,13.25,Books > Science Fiction & Fantasy > Science Fiction,Tobias S. Buckell,150113261X,448,Gallery Books ,English,5.3 x 1.1 x 8.2 inches,11.4 ounces,4
Calendar Girl,10.59,Books > Literature & Fiction > Women's Fiction,"Carlan, Audrey",1943893047,408,Waterhouse Press ,English,5.2 x 0.9 x 8 inches,12.6 ounces,4
Iced,7.99,Books > Science Fiction & Fantasy > Fantasy,"Moning, Karen Marie",440246415,512,Dell; Reissue edition ,English,4.2 x 1.1 x 6.9 inches,5 ounces,4
A Girl's Guide to Moving On,6.28,Books > Literature & Fiction > Genre Fiction,"MACOMBER, DEBBIE",553391941,432,Ballantine Books ,English,4.2 x 1.2 x 6.9 inches,7.2 ounces,4
My Unexpected Forever The Beaumont Series,13.49,Books > Romance > Contemporary,"McLaughlin, Heidi",989373835,380,Heidi McLaughlin; 2 edition ,English,5 x 0.9 x 8 inches,1.1 pounds,4
A Rule Against Murder,9.98,"Books > Mystery, Thriller & Suspense > Mystery",Louise Penny,312614160,336,Minotaur Books; Reprint edition ,English,5.5 x 0.9 x 8.3 inches,11.2 ounces,4
The Cruelest Month,14.06,"Books > Mystery, Thriller & Suspense > Mystery",Louise Penny,312573502,320,Minotaur Books; Reprint edition ,English,5.5 x 0.8 x 8.2 inches,7.2 ounces,4
Don't Let Go,15.26,"Books > Mystery, Thriller & Suspense > Thrillers & Suspense",Harlan Coben,1524742252,368,Dutton; Reprint edition ,English,5.4 x 0.7 x 8 inches,9.8 ounces,4
Neverwhere,12.63,Books > Science Fiction & Fantasy > Fantasy,"Gaiman, Neil",62459082,464,William Morrow Paperbacks; Reprint edition ,English,5.3 x 0.7 x 8 inches,11.2 ounces,4
Dark Places Paperback ,9.49,"Books > Mystery, Thriller & Suspense > Thrillers & Suspense","Flynn, Gillian",307341577,349,Broadway Books; Reprint edition ,English,5.2 x 0.8 x 8 inches,9.9 ounces,4
The Walking Dead Compendium (Volume 3) (Issues #97-144) (Paperback),37.78,Books > Comics & Graphic Novels > Graphic Novels,Robert Kirkman,1632154560,1088,Image Comics; 3 edition ,English,6.5 x 2.2 x 10.1 inches,4.7 pounds,4
A Feast for Crows,8.39,Books > Literature & Fiction > Action & Adventure,George R. R. Martin,055358202X,1104,Bantam ,English,4.2 x 1.7 x 6.8 inches,1 pounds,4
Catch-22,12.81,Books > Humor & Entertainment > Humor,Joseph Heller,1451626657,544,Simon & Schuster; Anniversary edition ,English,5.5 x 1.2 x 8.4 inches,14.4 ounces,4
Behind Her Eyes,12.78,"Books > Mystery, Thriller & Suspense > Thrillers & Suspense",Sarah Pinborough,1250111196,320,Flatiron Books; Reprint edition ,English,5.7 x 0.9 x 8.2 inches,9.4 ounces,3
The Walking Dead Compendium (Volume 2) (Issues #49-96) (Paperback),38.2,Books > Comics & Graphic Novels > Graphic Novels,Robert Kirkman,1607065967,1068,Image Comics; First Paperback Edition edition ,English,6.6 x 1.9 x 10.2 inches,4.7 pounds,4
Bury Your Dead,14.76,"Books > Mystery, Thriller & Suspense > Thrillers & Suspense",Louise Penny,312626908,400,Minotaur Books; Reprint edition ,English,5.6 x 1 x 8.2 inches,1.3 pounds,4
The Perks of Being a Wallflower Paperback ,14.2,Books > Literature & Fiction > Genre Fiction,Stephen Chbosky,1451696191,224,MTV Books; Media Tie-In edition ,English,5 x 0.5 x 7 inches,7.2 ounces,4
The Beautiful Mystery,14.19,"Books > Mystery, Thriller & Suspense > Mystery",Louise Penny,1250031125,400,Minotaur Books; Reprint edition ,English,5.5 x 1.1 x 8.2 inches,12 ounces,4
The Grapes of Wrath Paperback ,10.15,Books > Literature & Fiction > Genre Fiction,John Steinbeck,143039431,528,Penguin Classics; Reissue edition ,English,5.1 x 0.9 x 7.7 inches,12.8 ounces,4
Beren and Lúthien Hardcover ,22.0,Books > Science Fiction & Fantasy > Fantasy,J.R.R. Tolkien,1328791823,288,Houghton Mifflin Harcourt; 1st Edition edition ,English,5.5 x 1 x 8.2 inches,2 pounds,4
Magpie Murders,15.22,"Books > Mystery, Thriller & Suspense > Thrillers & Suspense",Anthony Horowitz,62645226,496,Harper; 1st Edition edition ,English,6 x 1.5 x 9 inches,1.4 pounds,4
"A Trick of the Light Chief Inspector Gamache, Book 7",14.53,"Books > Mystery, Thriller & Suspense > Mystery",Louise Penny,1250007348,368,Minotaur Books; 4th Print edition ,English,5.6 x 1 x 8.2 inches,14.4 ounces,4
The Girl in the Spider's Web Millennium Series,7.48,"Books > Mystery, Thriller & Suspense > Mystery","LAGERCRANTZ, DAVID",525434763,544,Vintage Crime/Black Lizard; Reprint edition ,English,4.2 x 1.1 x 7.6 inches,9.8 ounces,3
The Brutal Telling,10.48,"Books > Mystery, Thriller & Suspense > Mystery",Louise Penny,1250161665,448,Minotaur Books; Reprint edition ,English,5.6 x 1.1 x 8.2 inches,12.2 ounces,4
How the Light Gets In,13.88,"Books > Mystery, Thriller & Suspense > Mystery",Louise Penny,1250047277,432,Minotaur Books; Reprint edition ,English,5.5 x 1.1 x 8.2 inches,12.8 ounces,4
The Sirens of Titan,13.6,Books > Humor & Entertainment > Humor,"Vonnegut, Kurt",385333498,336,Dial Press Trade Paperback; Reissue edition ,English,5.2 x 0.7 x 8 inches,9.6 ounces,4
The Cartel 7,9.39,Books > Literature & Fiction > United States,Ashley JaQuavis JaQuavis Coleman,1250067006,304,St. Martin's Griffin ,English,5.5 x 0.8 x 8.3 inches,9.1 ounces,4
